Project Status,FUZE Project ID,Project Name,Real Estate POC,Vendor Site Acquisition Company,Exhaust Progress (MIK),Build Plan Year,Build Plan Year Status,Real Estate Completed (REC) Milestone (F),Real Estate Released (F),Tenant Ready (F),Engineering Released,Candidate Submitted (A),Candidate Accepted (A),RF Accepted and Ranked (F),RF Accepted and Ranked (A),Site Name,Submit RFDS Completed (F),Submit RFDS Completed (A),RFDS reviewed by EE,Candidate Site Walk (F),AE Site Walk (F),AE Site Walk (A),1A/2C Survey Completed (F),1A/2C Survey Completed (A),SLA Lease Executed (F),SLA Lease Executed (A),Environmental Due Diligence Milestone (F),Environmental Due Diligence Milestone (A),Final CDs Approved (F),Final CDs Approved (A),Zoning Approved (F),Zoning Approved (A),Regulatory Construction Milestone (F),Regulatory Construction Milestone (A),All Permits Approved [REC] (F),All Permits Approved [REC] (A),Real Estate Released (A),Tenant Ready (A),Real Estate Completed (REC) Milestone (A),Construction Started (F),Construction Started (A),Sarf Address,Sarf Centerline(ft.),Sarf Radius,Sarf Latitude,Sarf Longitude,Build Type (GL),Honey Badgers Project Build Type,Project Build Type (MIK),Site Sub Market,Site ID,Dismantle Current Term End,Dismantle Final Term End,Sub Market
Active,17734478,8175 I75 & M21 RELHR,Ravitz Joel,"HARMONI TOWERS LLC, KIMLEY HORN & ASSOCIATES INC",Completed,2027,,06/07/2027,06/07/2027,06/07/2027,04/18/2023,07/24/2026,07/24/2026,,07/24/2026,8175 I75 & M21 RELHR,,,,,05/26/2026,07/26/2026,07/30/2026,,03/12/2027,,09/30/2026,,,,01/19/2027,,,,,,,,,,,3457 ARLENE DR,150.0,0.5,42.998578,-83.749811,Build to Colocate,COLO,Build to Colocate,Michigan/Indiana/KY,617390920,12/31/2027,12/31/2042,Michigan/Indiana/KY
Active,17723079,8137 STUTSMANVILLE RELHR,Ravitz Joel,SMARTLINK LLC,Completed,2027,,01/29/2027,1/29/2027,01/29/2027,08/24/2022,06/19/2026,06/19/2026,,06/19/2026,8137 STUTSMANVILLE RELHR,06/25/2026,06/25/2026,07/08/2026,,,,04/01/2024,07/20/2026,,,,,,,8/1/2026,,,,,,,,,,,2931 S BEACON HILL LN,250.0,0.75,45.508425,-85.035939,Colocation,COLO,Co-Location,Michigan/Indiana/KY,617343981,12/31/2027,12/31/2042,Michigan/Indiana/KY
Active,17710598,8106 - I96_NIXON_RELHR,Ravitz Joel,"HARMONI TOWERS LLC, KIMLEY HORN & ASSOCIATES INC",Completed,2027,,06/03/2027,06/03/2027,06/03/2027,08/24/2022,05/29/2026,05/29/2026,,05/29/2026,8106 I96 & NIXON RELHR,,06/05/2026,06/10/2026,,07/31/2026,,07/31/2026,,03/12/2027,,09/21/2026,,,,01/19/2027,,,,,,,,,,,"970 GRAND OAKS DR, HOWELL, MI, 48843-8512, USA",200.0,0.75,42.587814,-83.887525,Build to Colocate,COLO,Build to Colocate,Michigan/Indiana/KY,617319326,12/31/2027,12/31/2042,Michigan/Indiana/KY
Active,17701015,LV LIBERTY G_RELHR - MKT 233 - MCR,Parker Kenneth,"HARMONI TOWERS LLC, TELECAD WIRELESS SITE DESIGN INC",Completed,2027,,06/03/2027,06/03/2027,06/03/2027,06/05/2025,05/11/2026,05/11/2026,,05/11/2026,LV LIBERTY G_RELHR,,05/13/2026,05/19/2026,,07/13/2026,07/26/2026,08/10/2026,,11/06/2026,,10/02/2026,,,,02/26/2027,,,,,,,,,,,286 SMITH RD,399.0,1.0,37.3566891,-84.9199781,Build to Colocate,COLO,Build to Colocate,Michigan/Indiana/KY,617467533,12/31/2027,12/31/2047,Michigan/Indiana/KY
Active,17682737,CK Franklin DT RELHR,Ravitz Joel,CHAILLE TOWER CONSULTANTS LLC,Completed,2027,,01/15/2027,01/15/2027,01/15/2027,08/21/2023,03/26/2026,03/26/2026,,03/27/2026,CK Franklin DT_RELHR,,03/27/2026,04/01/2026,,07/16/2026,07/16/2026,,,,,,,,,,,,,,,,,,,,121 OGLES AVE,300.0,1.0,36.7401101,-86.5725891,Raw Land,RL,Raw Land,Michigan/Indiana/KY,617429828,12/31/2027,12/31/2027,Michigan/Indiana/KY
Active,17682324,8203 LAINGSBURG RELHR,Parker Kenneth,"APC TOWERS LLC, TELECAD WIRELESS SITE DESIGN INC",Completed,2027,,06/30/2027,06/30/2027,06/30/2027,04/18/2023,03/24/2026,03/24/2026,,04/07/2026,8203 LAINGSBURG RELHR,04/06/2026,05/15/2026,,,07/24/2026,07/24/2026,,,,,,,,,01/29/2027,,,,,,,,,,,1360 LELAND RD,250.0,1.0,42.979189,-84.335533,Build to Colocate,COLO,Build to Colocate,Michigan/Indiana/KY,617390706,12/31/2027,05/18/2106,Michigan/Indiana/KY
Active,17680357,8095 I94 & Platt RELHR,Ravitz Joel,C&W CONSULTANTS INC,Completed,2027,,06/30/2027,6/30/2027,,08/24/2022,03/17/2026,03/17/2026,,03/17/2026,8095 I94 & Platt RELHR,,03/18/2026,04/27/2026,,,,,,,,,,,,,,,,,,,,,,,3899 PLATT RD,177.0,0.5,42.231117,-83.697522,Raw Land,RL,Raw Land,Michigan/Indiana/KY,617319812,12/31/2027,12/31/2042,Michigan/Indiana/KY
Active,17650964,ILWILexington_RELHR,Essex Shawn,TERRA CONSULTING GROUP,Completed,2027,,04/30/2027,04/30/2027,07/09/2026,11/02/2022,01/07/2026,01/07/2026,,01/07/2026,ILWILexington_RELHR,,01/24/2026,,,,,,,,,03/20/2027,,,,,,,,,,,,,,,25268 PLEASANT HILL RD,353.0,1.0,40.629533,-88.7809,Colocation,COLO,Co-Location,Illinois/Wisconsin,617321751,12/31/2027,12/31/2042,Illinois/Wisconsin
Active,17632077,LV EUBANK G RELHR,Ravitz Joel,"CHAILLE TOWER CONSULTANTS LLC, HARMONI TOWERS LLC",Completed,2027,,01/15/2027,01/15/2027,01/15/2027,08/09/2023,11/20/2025,11/20/2025,,11/20/2025,LV EUBANK G_RELHR,,11/21/2025,12/06/2025,,12/11/2025,06/15/2026,07/26/2026,,11/23/2026,,04/07/2026,04/07/2026,,,09/28/2026,,,,,,,,,,,772 Floyd Switch Rd,299.0,1.0,37.2863321,-84.6632001,Build to Colocate,COLO,Build to Colocate,Michigan/Indiana/KY,617429390,12/31/2027,09/25/2025,Michigan/Indiana/KY
Active,17629439,SHELBYVILLE_RELHR,Essex Shawn,HARMONI TOWERS LLC,,2027,,03/31/2027,03/31/2027,06/30/2027,08/23/2023,11/17/2025,11/17/2025,,11/17/2025,SHELBYVILLE_RELHR,,11/18/2025,,,06/25/2026,01/01/1900,,,,,08/19/2026,,01/13/2027,,12/14/2026,,02/17/2027,,,,,,,,,2288 COUNTY HIGHWAY 3,300.0,1.0,39.5208561,-88.7179781,Colocation,COLO,Co-Location,Illinois/Wisconsin,617429163,12/31/2027,12/31/2037,Illinois/Wisconsin
Active,17613697,CH LAKE ZURICH SE_RELHR,Essex Shawn,INSITE RE INC,,2027,,02/19/2027,02/19/2027,01/01/1900,03/03/2023,10/20/2025,10/20/2025,,10/20/2025,CH LAKE ZURICH SE_RELHR,,06/19/2026,,,,,,,,,01/09/2027,,11/05/2026,,02/12/2027,,01/07/2027,,02/12/2027,,,,,,,20771 N RAND RD,170.0,0.5,42.167425,-88.060281,Colocation,COLO,Co-Location,Illinois/Wisconsin,617392548,12/31/2027,12/31/2042,Illinois/Wisconsin
Active,17613245,5600 - Sawyer RELO,Parker Kenneth,SBA NETWORK SERVICES INC,Completed,2026,POR,08/14/2026,08/14/2026,08/14/2026,02/15/2022,10/20/2025,10/20/2025,10/27/2025,10/20/2025,5600 Sayer RELHR,11/03/2025,06/18/2026,07/21/2026,,05/26/2026,05/26/2026,,06/15/2026,,,,05/21/2026,08/14/2026,,07/10/2026,06/29/2026,,,07/13/2026,06/29/2026,,,,08/28/2026,,13433 THREE OAKS RD,228.0,0.3,41.876644,-86.606494,Colocation,COLO,Co-Location SBA,Michigan/Indiana/KY,617214725,12/31/2027,12/31/2042,Michigan/Indiana/KY
Active,17609385,8043 Durand Relocation - HRR - MKT 227 - MCR,Parker Kenneth,TELECAD WIRELESS SITE DESIGN INC,Completed,2027,,12/31/2026,12/31/2026,12/31/2026,01/06/2022,10/13/2025,10/13/2025,,11/04/2025,8043 Durand RELHR,10/20/2025,11/04/2025,05/22/2026,,,05/27/2026,06/30/2026,,,,08/28/2026,,,,,,,,,,,,,,,8354 East M 21,182.0,1.0,42.998733,-84.003211,Colocation,COLO,Co-Location,Michigan/Indiana/KY,617174920,12/31/2027,01/18/2099,Michigan/Indiana/KY
Active,17602693,8139 Grandville RELHR,Parker Kenneth,SBA NETWORK SERVICES INC,Completed,2027,,04/30/2027,04/30/2027,04/30/2027,09/01/2022,10/02/2025,10/02/2025,,12/02/2025,8139 Grandville RELHR,10/16/2025,06/16/2026,07/17/2026,,06/16/2026,06/03/2026,,,,,,07/21/2026,09/14/2026,,09/07/2026,,,,,,,,,,,11758 SESSIONS DR,225.0,0.75,42.981713,-85.793625,Colocation,COLO,Co-Location SBA,Michigan/Indiana/KY,617350880,12/31/2027,01/18/2099,Michigan/Indiana/KY
Active,17588472,8178 NEW STANWOOD RELHR,Parker Kenneth,SBA NETWORK SERVICES INC,Completed,2026,POR,08/14/2026,08/14/2026,08/14/2026,04/18/2023,09/10/2025,09/10/2025,,09/10/2025,8178 New Stanwood RELHR,,04/16/2026,04/13/2026,,05/20/2026,05/14/2026,,06/24/2026,,07/14/2026,,05/21/2026,07/26/2026,,08/03/2026,,,,,,,,,08/28/2026,,20428 5 MILE RD,195.0,1.0,43.5428,-85.490922,Colocation,COLO,Co-Location SBA,Michigan/Indiana/KY,617390901,12/31/2027,12/31/2042,Michigan/Indiana/KY
Active,17588437,8138 M46 PORTSMOUTH RELHR,Parker Kenneth,SBA NETWORK SERVICES INC,Completed,2026,POR,09/30/2026,09/30/2026,09/30/2026,08/24/2022,09/10/2025,09/10/2025,,09/10/2025,8138 M46 PORTSMOUTH RELHR,,11/10/2025,05/19/2026,,05/27/2026,05/27/2026,,05/18/2026,,,,05/21/2026,08/24/2026,,,06/25/2026,,,,06/25/2026,,,,10/14/2026,,4120 E HOLLAND RD,190.0,0.5,43.414119,-83.874903,Colocation,COLO,Co-Location SBA,Michigan/Indiana/KY,617344016,12/31/2027,12/31/2037,Michigan/Indiana/KY
Active,17586346,8092 LAMBERTVILLE L RELHR,Parker Kenneth,SBA NETWORK SERVICES INC,Completed,2027,,09/25/2026,09/25/2026,09/25/2026,08/24/2022,09/08/2025,09/08/2025,10/07/2025,09/08/2025,8092 LAMBERTVILLE L RELHR,,09/09/2025,05/13/2026,,05/15/2026,05/16/2026,,06/15/2026,,07/21/2026,,05/21/2026,08/21/2026,,,,,,,,,,,10/09/2026,,4000 CONSEAR RD,185.0,0.5,41.771689,-83.646367,Colocation,COLO,Co-Location SBA,Michigan/Indiana/KY,617319848,12/31/2027,01/18/2099,Michigan/Indiana/KY
Active,17582444,8075 PARIS II RELHR,Ravitz Joel,"CHAILLE TOWER CONSULTANTS LLC, HARMONI TOWERS LLC",Completed,2027,,06/03/2027,06/03/2027,06/03/2027,08/24/2022,08/29/2025,08/29/2025,09/05/2025,08/29/2025,8075 PARIS II RELHR,09/10/2025,09/08/2025,09/30/2025,,07/13/2026,07/26/2026,08/12/2026,,10/23/2026,,10/02/2026,,,,01/26/2027,,,,,,,,,,,No Address,295.0,0.75,43.800106,-85.549061,Build to Colocate,COLO,Build to Colocate,Michigan/Indiana/KY,617321917,12/31/2027,12/31/2037,Michigan/Indiana/KY
Active,17567549,8201 GRATIOT & 10 MILE RELHR,Ravitz Joel,"CITYSWITCH II LLC, KIMLEY HORN & ASSOCIATES INC",Completed,2027,,02/11/2027,02/11/2027,02/11/2027,11/07/2022,08/04/2025,08/04/2025,,08/04/2025,8201 GRATIOT & 10 MILE RELHR,,08/04/2025,05/08/2026,,,,,,,,,,,,,,,,,,,,,,,25214 GRATIOT AVE,146.0,0.4,42.482506,-82.943625,Colocation,COLO,Co-Location,Michigan/Indiana/KY,617352558,01/31/2030,01/31/2040,Michigan/Indiana/KY
Active,17559300,8116 - NEWPORT III - L_RELHR,Parker Kenneth,TILLMAN INFRASTRUCTURE LLC,Completed,2027,,12/03/2026,12/03/2026,12/31/2026,08/24/2022,07/18/2025,07/18/2025,,07/18/2025,8116 NEWPORT III RELHR,,07/21/2025,05/15/2026,,,,,,,,,03/13/2026,07/23/2026,,09/11/2026,,,,,,,,,,,"9095 BRANDON RD, NEWPORT, MI, 48166-9317, USA",150.0,0.75,42.010022,-83.305256,Build to Colocate,COLO,Build to Colocate,Michigan/Indiana/KY,617316357,12/31/2027,12/31/2027,Michigan/Indiana/KY
Active,17555460,TRADITIONAL RELO,Parker Kenneth,"HARMONI TOWERS LLC, PYRAMID NETWORK SERVICES LLC",Completed,2027,,05/21/2027,05/21/2027,05/21/2027,08/15/2023,07/10/2025,07/10/2025,,07/10/2025,8285 ANCHORVILLE RELHR,,07/12/2025,07/14/2025,,03/07/2025,05/26/2026,07/26/2026,,02/08/2027,,09/04/2026,,,,11/30/2026,,,,,,,,,,,37007 28 MILE RD,275.0,0.75,42.7569671,-82.7399781,Build to Colocate,COLO,Build to Colocate,Michigan/Indiana/KY,617431028,12/31/2027,05/18/2106,Michigan/Indiana/KY
Active,17552096,ILWIFLORENCE_RELHR,Essex Shawn,TILLMAN INFRASTRUCTURE LLC,,2027,,12/31/2026,12/31/2026,02/11/2027,03/03/2023,07/01/2025,07/01/2025,,07/03/2025,ILWIFLORENCE_RELHR,,06/25/2026,,,12/19/2025,02/02/2026,,07/02/2026,,,11/19/2026,,,,10/01/2026,,,,,,,,,,,No Address,240.0,1.0,45.897383,-88.245258,Co-Development,BTS,Build to Colocate,Illinois/Wisconsin,617390626,12/31/2027,12/31/2042,Illinois/Wisconsin
Active,17453794,TRADITIONAL RELO,Essex Shawn,"DOLAN REALTY ADVISORS LLC, TERRA CONSULTING GROUP",,2027,,11/20/2026,11/20/2026,11/30/2026,07/07/2022,02/02/2025,02/02/2025,,02/07/2025,FondDuLacPCS_RELHR,,06/15/2026,,,01/01/1900,01/01/1900,,03/02/2026,,,10/10/2026,05/27/2026,,,,,,,,,,,,,,590 FOND DU LAC AVE,142.0,0.5,43.76310278,-88.42613611,BTS,BTS,Build to Suit 3.0,Illinois/Wisconsin,617250604,12/31/2027,12/31/2042,Illinois/Wisconsin
Active,17429338,TRADITIONAL RELO,Essex Shawn,CROWN COMMUNICATION INC,Completed,2027,,12/31/2026,12/31/2026,01/01/1900,08/23/2023,12/16/2024,12/16/2024,,12/16/2024,59&GRASSLAKE_RELHR,,12/20/2024,,01/01/1900,01/01/1900,01/01/1900,01/01/1900,07/02/2025,,,11/19/2026,,04/30/2026,,,,04/09/2026,,,,,09/09/1900,,,,37669 N IL ROUTE 59,197.0,0.5,42.4102921,-88.1251441,Colocation,COLO,Co-Location,Illinois/Wisconsin,617429873,12/31/2027,12/31/2042,Illinois/Wisconsin
Active,17419957,TRADITIONAL RELO,Essex Shawn,CROWN COMMUNICATION INC,Completed,2026,POR,03/13/2026,03/13/2026,01/01/1900,11/02/2022,11/18/2024,11/18/2024,,11/18/2024,Lincoln & Rte 126_RELHR,,11/25/2024,03/16/2026,01/01/1900,01/01/1900,01/01/1900,01/01/1900,07/02/2025,,,08/30/2025,07/03/2025,03/08/2026,03/11/2026,,08/26/2025,07/01/2025,10/02/2025,,08/26/2025,03/13/2026,09/09/1900,03/13/2026,03/27/2026,03/27/2026,14844 WOOD FARM RD,189.0,0.5,41.612664,-88.212953,Colocation,COLO,Co-Location,Illinois/Wisconsin,617321796,12/31/2027,12/31/2042,Illinois/Wisconsin
Active,17407821,TRADITIONAL RELO,Ravitz Joel,KIMLEY HORN & ASSOCIATES INC,Completed,2027,,02/26/2027,02/26/2027,02/26/2027,10/22/2024,10/22/2024,10/22/2024,,10/22/2024,8079 M91 EAST RELHR,,05/22/2025,04/13/2026,,,10/20/2025,,,,,,,06/26/2026,,05/12/2026,,,,06/04/2026,,,,,03/12/2027,,No Address,262.0,1.0,43.022883,-85.245506,Colocation,COLO,Co-Location,Michigan/Indiana/KY,617321863,12/31/2027,12/31/2042,Michigan/Indiana/KY
Active,17343638,MIK LODGE_I75_RELHR - MKT 225 - MCR,Ravitz Joel,C&W CONSULTANTS INC,Completed,2027,,04/30/2027,04/30/2027,04/30/2027,06/05/2025,01/05/2026,01/06/2026,01/13/2026,01/12/2026,8426 LODGE I75 RELHR,01/20/2026,01/26/2026,05/06/2026,,,,,,,,,,,,,,,,,,,,,,,1250 W Elizabeth Street,95.0,0.4,42.333231,-83.064181,Raw Land,RL,Raw Land,Michigan/Indiana/KY,617468628,12/31/2027,10/20/2106,Michigan/Indiana/KY
Active,17334174,8407 ROMULUS RELHR,Parker Kenneth,SBA NETWORK SERVICES INC,Completed,2027,,01/29/2027,01/29/2027,01/29/2027,05/29/2025,11/13/2025,11/13/2025,11/20/2025,12/02/2025,8407 ROMULUS RELHR,11/27/2025,12/05/2025,05/12/2026,,,,,,,,,,,,,,,,,,,,,,,28777 EUREKA RD,140.0,0.5,42.1949171,-83.3202811,Colocation,COLO,Co-Location SBA,Michigan/Indiana/KY,617467697,12/31/2027,12/31/2042,Michigan/Indiana/KY
Active,17334170,8359 HIGHLAND PARK RELHR,Parker Kenneth,SBA NETWORK SERVICES INC,Completed,2027,,09/25/2026,09/25/2026,09/25/2026,05/29/2025,08/01/2025,08/01/2025,08/08/2025,08/26/2025,8359 HIGHLAND PARK RELHR,08/15/2025,01/29/2026,05/12/2026,,05/22/2026,05/16/2026,,,,,,05/21/2026,09/14/2026,,,07/14/2026,,,,07/14/2026,,,,10/09/2026,,15047 LA SALLE CT,90.0,0.35,42.4022441,-83.1244221,Colocation,COLO,Co-Location SBA,Michigan/Indiana/KY,617467693,12/31/2027,12/26/2034,Michigan/Indiana/KY
Completed,17334154,8348 GARDEN CITY RELHR,Ravitz Joel,CROWN COMMUNICATION INC,Completed,2026,POR,02/27/2026,02/26/2026,01/01/1900,10/03/2024,01/27/2025,01/27/2025,02/03/2025,01/31/2025,GARDEN CITY_RELHR,02/10/2025,02/03/2025,02/09/2026,,,,,04/18/2025,,09/15/2025,,09/17/2025,07/27/2025,08/04/2025,,10/07/2025,,08/19/2025,,10/01/2025,02/25/2026,01/01/1900,02/25/2026,05/08/2026,04/27/2026,5848 HUBBARD ST,150.0,0.35,42.3278001,-83.3594221,Colocation,COLO,Co-Location Crown,Michigan/Indiana/KY,617467656,12/31/2027,02/21/2045,Michigan/Indiana/KY
Active,17334045,8356 HAMTRAMCK WEST RELHR,Parker Kenneth,"SMARTLINK LLC, VERIZON",Completed,2027,,06/30/2027,06/30/2027,,06/05/2025,12/15/2025,12/16/2025,01/30/2026,02/17/2026,8356 HAMTRAMCK WEST RELHR,12/30/2025,05/26/2026,05/06/2026,,,,,,,,,,,,,,,,,,,,,,,10225 GREELEY ST,100.0,0.35,42.3942261,-83.0704561,Colocation,COLO,Co-Location,Michigan/Indiana/KY,617467545,12/31/2027,01/18/2099,Michigan/Indiana/KY
Active,17334044,8375 LATHRUP RELHR,Parker Kenneth,PYRAMID NETWORK SERVICES LLC,Completed,2027,,05/31/2027,05/31/2027,05/31/2027,05/29/2025,02/22/2026,02/23/2026,03/02/2026,04/06/2026,8375 LATHRUP RELHR,04/06/2026,04/07/2026,04/13/2026,,04/16/2026,04/15/2026,,,,,,,,,,,,,,,,,,,,22860 W 11 MILE RD,110.0,0.35,42.4870021,-83.2690751,Raw Land,RL,Raw Land,Michigan/Indiana/KY,617467561,12/31/2027,01/18/2099,Michigan/Indiana/KY
Active,17334043,8376 LAWRENCE TECH RELHR,Ravitz Joel,"KIMLEY HORN & ASSOCIATES INC, RJP CONSULTING INC, VERTICAL BRIDGE TOWERS LLC",Completed,2026,POR,04/30/2026,04/30/2026,06/30/2026,09/30/2024,10/22/2024,10/22/2024,10/29/2024,10/24/2024,8376 LAWRENCE TECH RELHR,11/05/2024,05/08/2025,04/02/2026,,,12/18/2024,,09/02/2025,,12/17/2025,,09/09/2025,04/05/2026,04/08/2026,,02/04/2026,,04/15/2026,,02/04/2026,04/29/2026,04/29/2026,04/29/2026,05/22/2026,05/22/2026,20030 PRAIRIE ST,75.0,0.35,42.4769671,-83.2480331,Colocation,COLO,Co-Location,Michigan/Indiana/KY,617467544,12/31/2027,11/13/2046,Michigan/Indiana/KY
Active,17334042,8350 GOODISON RELHR,Parker Kenneth,TELECAD WIRELESS SITE DESIGN INC,Completed,2027,,02/26/2027,02/26/2027,02/26/2027,05/29/2025,12/08/2025,12/15/2025,12/22/2025,12/19/2025,8350 GOODISON RELHR,,12/19/2025,05/12/2026,,07/01/2026,07/01/2026,07/31/2026,,,,,,,,,,,,,,,,,,,1301 BEATRICE ST,175.0,0.5,42.7341891,-83.1630331,Colocation,COLO,Co-Location,Michigan/Indiana/KY,617467543,12/31/2027,10/27/2053,Michigan/Indiana/KY
Active,17333788,8413 TORCH LAKE RELHR,Ravitz Joel,"APC TOWERS LLC, CHAILLE TOWER CONSULTANTS LLC",Completed,2027,,06/30/2027,06/30/2027,05/31/2027,05/29/2025,02/05/2026,02/11/2026,02/18/2026,02/12/2026,8413 TORCH LAKE RELHR,02/25/2026,06/26/2026,,,09/07/2026,,,,,,,,,,02/23/2027,,,,,,,,,03/17/2027,,11692 SUTTER RD,190.0,1.0,44.9815501,-85.3306171,Build to Colocate,COLO,Build to Colocate,Michigan/Indiana/KY,617467303,12/31/2027,12/31/2042,Michigan/Indiana/KY
Active,17333784,8358 HAYES  UTICA RELHR,Ravitz Joel,HARMONI TOWERS LLC,Completed,2027,,06/18/2027,06/18/2027,06/18/2027,03/17/2025,04/22/2025,04/28/2025,05/05/2025,05/06/2025,8358 HAYES  UTICA RELHR,05/12/2025,05/06/2025,05/08/2026,,02/05/2025,05/26/2026,07/26/2026,,09/28/2026,,09/18/2026,,,,11/13/2026,,,,,,,,,,,37328 UTICA RD,122.0,0.35,42.5714111,-82.9724781,Build to Colocate,COLO,Build to Colocate,Michigan/Indiana/KY,617467301,12/31/2027,04/13/2046,Michigan/Indiana/KY
Active,17333780,8364 I94 PORTAGE RELHR,Parker Kenneth,TELECAD WIRELESS SITE DESIGN INC,Completed,2027,,06/30/2027,06/30/2027,06/30/2027,05/29/2025,10/21/2025,10/23/2025,10/30/2025,10/28/2025,8364 I94 PORTAGE RELHR,,10/28/2025,05/19/2026,,,05/27/2026,06/30/2026,,,,,,,,,,,,,,,,,,,9200 CEDAR KNOLL DR,190.0,1.0,42.2941891,-84.2463671,Raw Land,RL,Raw Land,Michigan/Indiana/KY,617467312,12/31/2027,12/31/2042,Michigan/Indiana/KY
Active,17333776,8409 SOUTH BOARDMAN RELHR,Ravitz Joel,HARMONI TOWERS LLC,Completed,2027,,12/29/2026,12/29/2026,03/05/2027,03/17/2025,04/11/2025,04/16/2025,04/23/2025,05/05/2025,8409 SOUTH BOARDMAN RELHR,04/30/2025,07/14/2025,07/15/2025,,02/11/2025,06/15/2026,07/26/2026,,08/31/2026,,03/04/2026,03/04/2026,,,11/19/2026,,,,,,,,,,,3155 HALL RD SW,280.0,1.0,44.6244671,-85.2466441,Build to Colocate,COLO,Build to Colocate,Michigan/Indiana/KY,617467289,12/31/2027,12/31/2042,Michigan/Indiana/KY
Active,17333765,MIK LV WACO_RELHR - MKT 233 - MCR,Parker Kenneth,"HARMONI TOWERS LLC, TELECAD WIRELESS SITE DESIGN INC",Completed,2027,,01/29/2027,01/29/2027,01/29/2027,03/17/2025,03/20/2025,03/24/2025,03/31/2025,04/01/2025,MIK LV WACO_RELHR,04/07/2025,04/09/2025,06/25/2025,,03/17/2025,05/28/2026,07/26/2026,,09/11/2026,,04/13/2026,04/13/2026,,,09/14/2026,,,,,,,,,,,193 KENNEDY LN,270.0,0.5,37.7495501,-84.1688591,Build to Colocate,COLO,Build to Colocate,Michigan/Indiana/KY,617467284,12/31/2027,12/31/2047,Michigan/Indiana/KY
Active,17333761,8332 CASS GROSSEBECK RELHR,Ravitz Joel,HARMONI TOWERS LLC,Completed,2027,,01/08/2027,01/08/2027,03/05/2027,03/17/2025,04/29/2025,05/01/2025,05/08/2025,05/06/2025,8332 CASS GROSSEBECK RELHR,05/15/2025,05/06/2025,05/08/2026,,02/05/2025,06/15/2026,07/26/2026,,08/14/2026,,03/05/2026,03/05/2026,,,11/09/2026,,,,,,,,,,,95 S ROSE ST,123.0,0.4,42.5953831,-82.8955001,Build to Colocate,COLO,Build to Colocate,Michigan/Indiana/KY,617467281,12/31/2027,12/31/2042,Michigan/Indiana/KY
Active,17333759,8373 LAKEPORT RELHR,Parker Kenneth,TELECAD WIRELESS SITE DESIGN INC,Completed,2027,,02/26/2027,02/26/2027,02/26/2027,06/05/2025,09/16/2025,09/17/2025,09/24/2025,09/18/2025,8373 LAKEPORT RELHR,10/02/2025,06/03/2026,,,,,,,,,07/10/2026,,,,,,,,,,,,,,,3704 BRACE RD,150.0,0.5,43.0689111,-82.4860891,Colocation,COLO,Co-Location,Michigan/Indiana/KY,617467278,12/31/2027,05/18/2106,Michigan/Indiana/KY
Active,17333750,8410 SOUTHFIELD RELHR,Ravitz Joel,C&W CONSULTANTS INC,Completed,2027,,02/26/2027,02/26/2027,02/26/2027,10/03/2024,07/15/2025,07/23/2025,07/30/2025,07/23/2025,8410 SOUTHFIELD RELHR,08/06/2025,06/02/2026,,,,,,,06/26/2026,,,,,,,,,,,,,,,03/12/2027,,21557 TELEGRAPH RD,100.0,0.35,42.4503361,-83.2821301,Colocation,COLO,Co-Location,Michigan/Indiana/KY,617467273,12/31/2027,05/09/2099,Michigan/Indiana/KY
Active,17333737,8389 MT MORRIS II RELHR,Ravitz Joel,"CHAILLE TOWER CONSULTANTS LLC, HARMONI TOWERS LLC",Completed,2027,,06/10/2027,06/10/2027,06/10/2027,05/29/2025,12/18/2025,12/18/2025,12/25/2025,12/19/2025,8389 MT MORRIS II RELHR,01/08/2026,12/26/2025,03/12/2026,,07/31/2026,,08/31/2026,,10/26/2026,,10/05/2026,,,,02/22/2027,,,,,,,,,,,9094 N DORT HWY,151.0,0.75,43.1372441,-83.6830331,Build to Colocate,COLO,Build to Colocate,Michigan/Indiana/KY,617467258,12/31/2027,01/18/2099,Michigan/Indiana/KY
Active,17333736,8401 PARSHALLVILLE RELHR,Ravitz Joel,"HARMONI TOWERS LLC, KIMLEY HORN & ASSOCIATES INC",Completed,2027,,05/28/2027,05/28/2027,05/28/2027,05/29/2025,08/15/2025,08/18/2025,08/25/2025,09/04/2025,8401 PARSHALLVILLE RELHR,09/01/2025,09/05/2025,05/19/2026,,10/03/2025,06/26/2026,07/31/2026,,11/13/2026,,09/18/2026,,,,02/05/2027,,,,,,,,,,,9662 TOWNSQUARE BLVD,190.0,0.75,42.6939111,-83.7705331,Build to Colocate,COLO,Build to Colocate,Michigan/Indiana/KY,617467257,12/31/2027,06/30/2106,Michigan/Indiana/KY
Active,17333734,8395 NORTH BRADLEY RELHR,Parker Kenneth,"APC TOWERS LLC, PYRAMID NETWORK SERVICES LLC",Completed,2027,,06/30/2027,06/30/2027,,05/06/2025,03/28/2026,03/30/2026,03/31/2026,03/30/2026,8395 NORTH BRADLEY RELHR,04/06/2026,04/06/2026,05/22/2026,,08/31/2026,,,,,,,,07/22/2026,07/27/2026,03/05/2027,,,,,,,,,,,2750 W WEINERT RD,250.0,1.0,43.7142331,-84.4758081,Raw Land,RL,Raw Land,Michigan/Indiana/KY,617467255,12/31/2027,12/31/2042,Michigan/Indiana/KY
Active,17333731,8396 OAK PARK RELHR,Ravitz Joel,"APC TOWERS LLC, C&W CONSULTANTS INC",Completed,2027,,04/30/2027,04/30/2027,05/31/2027,05/29/2025,01/12/2026,01/12/2026,01/19/2026,02/04/2026,8396 OAK PARK RELHR,01/26/2026,03/09/2026,05/06/2026,,08/21/2026,,,,,,,,,,03/22/2027,,,,,,,,,03/17/2027,,20022 CAROL ST,100.0,0.35,42.4392251,-83.1946271,Build to Colocate,COLO,Build to Colocate,Michigan/Indiana/KY,617467253,12/31/2027,01/18/2099,Michigan/Indiana/KY
Active,17333730,8319 8 MILE KELLY II RELHR,Ravitz Joel,"C&W CONSULTANTS INC, HARMONI TOWERS LLC",Completed,2027,,06/10/2027,06/10/2027,06/10/2027,06/05/2025,02/02/2026,02/02/2026,02/09/2026,02/02/2026,8319 8 MILE KELLY II RELHR,02/13/2026,02/10/2026,05/06/2026,,08/31/2026,,09/28/2026,,10/30/2026,,10/12/2026,,,,01/26/2027,,,,,,,,,,,20225 BEACONSFIELD ST,112.0,0.4,42.4444671,-82.9335891,Build to Colocate,COLO,Build to Colocate,Michigan/Indiana/KY,617467246,12/31/2027,12/31/2042,Michigan/Indiana/KY
Active,17333728,8335 CHILSON RELHR,Ravitz Joel,"HARMONI TOWERS LLC, KIMLEY HORN & ASSOCIATES INC",Completed,2027,,06/24/2027,06/24/2027,06/24/2027,05/29/2025,08/27/2025,09/02/2025,09/09/2025,09/04/2025,8335 CHILSON RELHR,09/16/2025,09/05/2025,05/21/2026,,10/03/2025,06/26/2026,07/31/2026,,10/12/2026,,09/21/2026,,,,02/08/2027,,,,,,,,,,,3300 S LATSON RD,210.0,0.75,42.5531061,-83.8743671,Build to Colocate,COLO,Build to Colocate,Michigan/Indiana/KY,617467244,12/31/2027,12/31/2042,Michigan/Indiana/KY
Active,17333727,8325 BELDING RELHR,Ravitz Joel,"APC TOWERS LLC, KIMLEY HORN & ASSOCIATES INC, TELECAD WIRELESS SITE DESIGN INC, TOWERCO V HOLDINGS LLC",Completed,2027,,06/11/2027,06/11/2027,06/11/2027,05/29/2025,10/23/2025,10/23/2025,10/30/2025,11/17/2025,8325 BELDING RELHR,11/06/2025,05/08/2026,06/22/2026,,08/21/2026,,,,,,,,,,03/26/2027,,,,,,,,,,,11767 BRICKER RD,190.0,1.0,43.1189111,-85.3072001,Build to Colocate,COLO,Build to Colocate,Michigan/Indiana/KY,617467252,12/31/2027,06/03/2096,Michigan/Indiana/KY
Active,17333664,8414 WEST MANCELONA RELHR,Ravitz Joel,HARMONI TOWERS LLC,Completed,2027,,12/11/2026,12/11/2026,12/11/2026,01/30/2025,04/18/2025,04/18/2025,04/25/2025,05/02/2025,8414 WEST MANCELONA RELHR,05/02/2025,07/15/2025,01/29/2026,,12/21/2024,06/15/2026,07/26/2026,,10/16/2026,,04/24/2026,04/24/2026,01/24/2026,01/30/2026,04/27/2026,04/27/2026,,,,,,,,,,1682 PETERSON RD,280.0,1.0,44.9107171,-85.1273391,Build to Colocate,COLO,Build to Colocate,Michigan/Indiana/KY,617467222,12/31/2027,12/31/2042,Michigan/Indiana/KY
Active,17333662,8326 BELLAIRE RELHR,Parker Kenneth,TELECAD WIRELESS SITE DESIGN INC,Completed,2027,,11/15/2026,11/15/2026,12/31/2026,03/04/2025,05/02/2025,05/05/2025,05/12/2025,05/05/2025,8326 BELLAIRE RELHR,05/19/2025,06/20/2025,06/20/2025,,,,,,,,,07/23/2026,08/31/2026,,,,,,10/30/2026,,,,,01/14/2027,,4473 ALDEN HWY,190.0,1.0,44.8983561,-85.1819781,Build to Colocate,COLO,Build to Colocate,Michigan/Indiana/KY,617467235,12/31/2027,12/31/2052,Michigan/Indiana/KY
Active,17333648,8330 BRECKENRIDGE RELHR,Parker Kenneth,"APC TOWERS LLC, TELECAD WIRELESS SITE DESIGN INC",Completed,2027,,02/26/2027,02/26/2027,02/26/2027,06/05/2025,08/11/2025,08/12/2025,08/19/2025,08/18/2025,8330 BRECKENRIDGE RELHR,08/28/2025,09/12/2025,06/10/2026,,,05/27/2026,,06/17/2026,,,,,,,06/30/2026,06/25/2026,,,,,,,,,,8533 N MCCLELLAND RD,250.0,1.0,43.4169141,-84.4706611,Raw Land,RL,Raw Land,Michigan/Indiana/KY,617467168,12/31/2027,12/31/2047,Michigan/Indiana/KY
Active,17326252,ILWI_Knollwood_RELHR,Essex Shawn,INSITE RE INC,,2027,,06/30/2027,06/30/2027,,09/29/2025,10/06/2025,10/15/2025,,10/15/2025,ILWI_Knollwood_RELHR,,05/04/2026,,,01/01/1900,01/01/1900,,,,,05/20/2027,,07/24/2026,,06/18/2027,,07/02/2026,,06/25/2027,,,,,,,28909 N SKOKIE HWY,161.0,0.5,42.2814801,-87.8681141,Colocation,COLO,Co-Location,Illinois/Wisconsin,617464568,12/31/2027,12/31/2042,Illinois/Wisconsin
Active,17326251,I-94 & Rte 137_RELHR,Essex Shawn,SBA NETWORK SERVICES INC,,2027,,06/30/2027,06/30/2027,01/01/1900,05/11/2026,11/25/2025,12/18/2025,,12/26/2025,I-94 & Rte 137_RELHR,,12/29/2025,,,,,,,,,05/20/2027,,,,,,05/19/2027,,,,,,,,,Search Ring,150.0,0.5,42.308028,-87.884583,Colocation,COLO,Co-Location SBA,Illinois/Wisconsin,617464541,12/31/2027,12/31/2047,Illinois/Wisconsin
Active,17326250,Hayward Relo_RELHR,Essex Shawn,TERRA CONSULTING GROUP,,2027,,05/31/2027,05/31/2027,,05/21/2024,04/15/2026,05/12/2026,,05/16/2026,Hayward Relo_RELHR,,05/25/2026,,,06/11/2026,06/11/2026,,,,,04/17/2027,,10/23/2026,,,,04/19/2027,,,,,,,,,10249 TOWER RD,250.0,1.0,46.0016611,-91.4058391,,,,Illinois/Wisconsin,617464567,12/31/2027,12/31/2042,Illinois/Wisconsin
Active,17326243,JOLIET EAST_RELHR,Essex Shawn,"HARMONI TOWERS LLC, RAMAKER & ASSOCIATES INC",Completed,2027,,03/31/2027,03/31/2027,06/30/2027,05/21/2024,07/27/2026,07/27/2026,,,JOLIET EAST_RELHR,,,,,01/01/1900,01/01/1900,,,,,02/18/2027,,12/29/2026,,12/22/2026,,02/17/2027,,,,,,,,,111 BISSEL ST,154.0,0.5,41.5273281,-88.0620061,Co-Development,BTS,Build to Colocate,Illinois/Wisconsin,617464563,11/30/2026,11/30/2041,Illinois/Wisconsin
Active,17326239,ILWI KIEL_RELHR,Essex Shawn,HARMONI TOWERS LLC,,2027,,03/31/2027,03/31/2027,06/30/2027,05/21/2024,10/01/2025,10/01/2025,,10/13/2025,ILWI KIEL_RELHR,,06/15/2026,,,,,,,,,02/18/2027,,01/19/2027,,01/04/2027,,02/17/2027,,,,,,,,,13058 MEGGERS RD,241.0,1.0,43.9417841,-88.0405581,Co-Development,BTS,Build to Colocate,Illinois/Wisconsin,617464559,12/31/2027,12/31/2042,Illinois/Wisconsin
Active,17326235,WillowRunCC_RELHR,Essex Shawn,HARMONI TOWERS LLC,,2027,,04/30/2027,04/30/2027,07/30/2027,05/21/2024,10/22/2025,10/23/2025,,10/31/2025,WillowRunCC_RELHR,,11/09/2025,,,07/02/2026,07/02/2026,,,,,09/18/2026,,01/24/2027,,01/04/2027,,12/10/2027,,,,,,,,,12365 W WARREN DR,190.0,0.5,41.5499611,-87.9187401,Co-Development,BTS,Build to Colocate,Illinois/Wisconsin,617464557,12/31/2027,12/31/2042,Illinois/Wisconsin
Active,17326232,RTE47_SilverGlenn_RELHR,Essex Shawn,HARMONI TOWERS LLC,,2027,,03/31/2027,03/31/2027,06/30/2027,05/21/2024,11/12/2025,11/12/2025,,11/19/2025,RTE47_SilverGlenn_RELHR,,11/26/2025,,,,01/01/1900,,,,,02/18/2027,,12/29/2026,,12/22/2026,,02/17/2027,,,,,,,,,8N260 CORRON RD,196.0,0.5,41.9576001,-88.4770721,Co-Development,BTS,Build to Colocate,Illinois/Wisconsin,617464535,12/31/2027,12/31/2042,Illinois/Wisconsin
Active,17326231,INGALLS PARK_RELHR,Essex Shawn,HARMONI TOWERS LLC,,2027,,04/30/2027,04/30/2027,07/20/2027,05/21/2024,09/29/2025,10/10/2025,,10/17/2025,INGALLS PARK_RELHR,,10/27/2025,,,01/01/1900,01/01/1900,,,,,09/11/2026,,01/11/2027,,01/07/2027,,11/20/2026,,,,,,,,,624 OAKVIEW AVE,111.0,0.5,41.5127191,-88.0460501,Co-Development,BTS,Build to Colocate,Illinois/Wisconsin,617464534,12/31/2027,12/31/2042,Illinois/Wisconsin
Active,17326229,Peterson Park_RELHR,Essex Shawn,HARMONI TOWERS LLC,,2027,,03/31/2027,03/31/2027,06/30/2027,05/21/2024,07/07/2025,07/09/2025,,07/14/2025,Peterson Park_RELHR,,07/21/2025,,,01/01/1900,01/01/1900,,,,,09/18/2026,,09/30/2026,,09/30/2026,,12/18/2026,,11/09/2026,,,,,,,1412 N 11TH ST,190.0,0.75,39.4862671,-88.3525471,Co-Development,BTS,Build to Colocate,Illinois/Wisconsin,617464533,09/30/2030,09/30/2040,Illinois/Wisconsin
Active,17326228,CountryClubHillsIL1_RELHR,Essex Shawn,,Back in Search,2027,,06/30/2027,06/30/2027,01/01/1900,05/21/2024,,09/09/1900,,01/05/2026,CountryClubHillsIL1_RELHR,,06/24/2026,,,,,,,,,05/20/2027,,,,,,05/19/2027,,,,,,,,,17311 MARTEC INTERNATIONAL BLVD,101.0,0.4,41.5743941,-87.7397581,Colocation,COLO,Co-Location,Illinois/Wisconsin,617464553,02/28/2027,02/28/2042,Illinois/Wisconsin
Active,17292776,PIERCEVILLE RD_RELHR,Essex Shawn,"ADI HOLDING COMPANY LLCADI MANAGEMENT SERVICES LLC, INSITE RE INC",,2027,,11/30/2026,11/30/2026,01/01/1900,11/02/2022,02/23/2024,02/23/2024,,02/23/2024,PIERCEVILLE RD_RELHR,,05/01/2026,,,04/30/2024,04/23/2024,06/28/2024,02/20/2025,,,10/17/2026,,08/14/2026,,01/01/1900,01/01/1900,07/23/2026,,10/30/2026,,,,,,,5416 PIERCEVILLE RD,280.0,0.75,43.145633,-89.150506,Colocation,COLO,Co-Location,Illinois/Wisconsin,617350890,12/31/2027,12/31/2042,Illinois/Wisconsin
Active,17288307,FREEDOM_RELHR,Essex Shawn,"DOLAN REALTY ADVISORS LLC, TERRA CONSULTING GROUP",,2027,,09/30/2026,09/30/2026,12/30/2026,11/02/2022,02/14/2024,02/14/2024,,02/23/2024,FREEDOM_RELHR,,06/16/2026,,,07/15/2025,07/15/2025,,01/29/2026,,,08/20/2026,01/27/2026,10/31/2026,,01/01/1900,01/01/1900,10/13/2026,,03/23/2026,03/23/2026,,,,10/14/2026,,N3888 STATE HIGHWAY 55,127.0,1.0,44.377933,-88.290275,BTS,BTS,Build to Suit 3.0,Illinois/Wisconsin,617316432,12/31/2027,12/31/2042,Illinois/Wisconsin
Active,17228850,CH ELGIN CALL CTR_RELHR,Essex Shawn,INSITE RE INC,,2027,,12/30/2026,12/30/2026,01/01/1900,01/04/2024,11/05/2024,11/08/2024,,11/13/2024,CH ELGIN CALL CTR_RELHR,,06/25/2026,,,03/14/2025,02/20/2025,,06/24/2026,,,11/19/2026,,11/13/2026,,12/11/2026,,11/18/2026,,12/11/2026,,,,,,,777 BIG TIMBER RD,54.0,0.5,42.0584581,-88.2976561,Water Tank,COLO,Co-Location,Illinois/Wisconsin,617437522,04/30/2031,04/30/2041,Illinois/Wisconsin
Active,17223113,8294 BEVERLY HILLS RELHR Negotiation,Ravitz Joel,C&W CONSULTANTS INC,Completed,2027,,03/26/2027,03/26/2027,03/26/2027,09/26/2023,02/10/2025,02/11/2025,02/18/2025,02/11/2025,8294 BEVERLY HILLS RELHR,02/25/2025,04/17/2025,05/08/2026,,,,,,,,,,,,,,,,,,,,,,,30603 SOUTHFIELD RD,70.0,0.3,42.5144671,-83.2241441,Raw Land,RL,Raw Land,Michigan/Indiana/KY,617436209,02/29/2028,,Michigan/Indiana/KY
Active,17222912,8298 ELK RAPIDS RELHR Negotiations,Ravitz Joel,C&W CONSULTANTS INC,RENO Only - RELO Exhaust,2027,,12/31/2027,12/31/2027,,09/26/2023,,,12/24/2024,09/09/1900,8298 ELK RAPIDS RELHR,12/31/2024,,05/13/2026,,,,,,,,,,,,,,,,,,,,,,,16155 WANIGAN DR,183.0,1.0,44.8819941,-85.4189781,,RENO,Re-Negotiated,Michigan/Indiana/KY,617436062,10/31/2031,,Michigan/Indiana/KY
Active,17222904,8299 LELAND DR RELHR Negotiations,Ravitz Joel,C&W CONSULTANTS INC,RENO Only - RELO Exhaust,2027,,04/30/2028,4/30/2028,,09/26/2023,,09/09/1900,04/17/2025,09/09/1900,8299 LELAND DR RELHR,04/24/2025,,07/14/2025,,,,,,,,,,,,,,,,,,,,,,,1087 S PIT RD,460.0,1.0,44.9667221,-85.7741861,,RENO,Negotiation,Michigan/Indiana/KY,617436060,04/30/2028,,Michigan/Indiana/KY
Active,17217380,CK CONLEY BOTTOM RELHR,Parker Kenneth,TILLMAN INFRASTRUCTURE LLC,Completed,2027,,01/30/2027,01/30/2027,05/15/2027,09/01/2022,11/26/2024,11/26/2024,12/03/2024,12/06/2024,CK CONLEY BOTTOM_RELHR,12/12/2023,03/18/2025,05/06/2026,,05/15/2024,05/15/2024,,,,,,04/21/2026,06/19/2026,,10/30/2026,,,,,,,,,,,105 MULLINS DR,280.0,1.0,36.95205,-84.8202,Build to Colocate,COLO,Build to Colocate,Michigan/Indiana/KY,617351579,02/05/2031,12/31/2037,Michigan/Indiana/KY
Active,17196605,8250 M59 TELEGRAPH RELHR,Ravitz Joel,CROWN COMMUNICATION INC,Completed,2027,,08/28/2026,08/28/2026,08/28/2026,08/09/2023,02/14/2025,02/17/2025,02/24/2025,02/17/2025,8250 M59 TELEGRAPH RELHR,03/03/2025,02/19/2025,02/09/2026,,,,,09/04/2025,,09/12/2025,,04/08/2026,06/16/2025,06/20/2025,11/07/2025,12/01/2025,,10/21/2025,12/05/2025,12/01/2025,,,,09/11/2026,,605 CESAR E CHAVEZ AVE,120.0,0.5,42.6508561,-83.3102561,Colocation,COLO,Co-Location Crown,Michigan/Indiana/KY,617429941,12/31/2027,01/18/2099,Michigan/Indiana/KY
Active,17196596,8289 11 MILE & I75 RELHR,Parker Kenneth,TELECAD WIRELESS SITE DESIGN INC,Completed,2027,,02/28/2027,02/28/2027,02/28/2027,08/09/2023,09/12/2025,09/18/2025,09/25/2025,09/23/2025,8289 11 MILE & I75 RELHR,10/02/2025,03/09/2026,05/12/2026,,,,,,,,,,,,,,,,,,,,,10/14/2026,,322 W 10 MILE RD,105.0,0.3,42.4761331,-83.1077561,Colocation,COLO,Co-Location,Michigan/Indiana/KY,617429959,12/31/2027,07/30/2048,Michigan/Indiana/KY
Active,17196585,8239 NORTHWESTERN HWY RELHR,Parker Kenneth,TELECAD WIRELESS SITE DESIGN INC,Completed,2027,,02/26/2027,02/26/2027,02/26/2027,08/09/2023,09/23/2025,09/23/2025,,09/29/2025,8239 NORTHWESTERN HWY RELHR,09/30/2025,06/26/2026,,,,,,,,,,,,,,,,,,,,,,,,24065 NORTHWESTERN HWY,105.0,0.3,42.4658561,-83.2333111,Raw Land,RL,Raw Land,Michigan/Indiana/KY,617429956,12/31/2027,05/09/2099,Michigan/Indiana/KY
Active,17196558,CK Payneville RELHR,Ravitz Joel,"CHAILLE TOWER CONSULTANTS LLC, HARMONI TOWERS LLC",Completed,2027,,11/30/2026,11/30/2026,11/30/2026,08/09/2023,09/18/2024,09/24/2024,10/01/2024,09/25/2024,CK Payneville_RELHR,10/08/2024,07/11/2025,07/11/2025,,03/24/2025,03/25/2025,07/14/2025,07/14/2025,08/28/2026,,08/01/2025,07/23/2026,,,07/17/2026,07/26/2026,,,,,,,,01/19/2027,,974 RHODELIA RD,330.0,1.0,38.0026331,-86.3220061,Build to Colocate,COLO,Build to Colocate,Michigan/Indiana/KY,617429944,12/31/2027,05/31/2025,Michigan/Indiana/KY
Active,17196534,I-88&STATE HWY 56_RELHR,Essex Shawn,ATC TOWER SERVICES INC,Completed,2027,,12/31/2027,12/31/2027,01/01/1900,08/23/2023,03/09/2025,03/10/2025,,03/17/2025,I-88&STATE HWY 56_RELHR,,03/24/2025,,,,,,,,,11/20/2027,,,,,,11/18/2027,,,,,,,,,1113 DORR DR,181.0,0.5,41.7894391,-88.4085001,Colocation,COLO,Co-Location,Illinois/Wisconsin,617429893,03/31/2030,03/31/2040,Illinois/Wisconsin
Active,17196464,GURNEE SOUTH_RELHR,Essex Shawn,CONCORDIA WIRELESS INC,,2027,,11/06/2026,11/06/2026,,08/23/2023,05/30/2024,05/31/2024,,06/13/2024,GURNEE SOUTH_RELHR,,05/05/2026,,,07/17/2024,07/17/2024,,10/23/2025,,,09/26/2026,,,,,,09/24/2026,,,,,,,,,560 OLD SKOKIE RD,120.0,0.5,42.3508561,-87.8919221,Colocation,COLO,Co-Location,Illinois/Wisconsin,617429845,03/31/2030,03/31/2040,Illinois/Wisconsin
Active,17196447,THORNTON _RELHR,Essex Shawn,TERRA CONSULTING GROUP,,2027,,12/31/2026,12/31/2026,,08/23/2023,09/29/2025,10/01/2025,,10/09/2025,THORNTON _RELHR,,02/03/2026,,,,,,,,,11/19/2026,,09/04/2026,,,,11/19/2026,,,,,,,,,1692 THORNTON LANSING RD,160.0,0.4,41.5710391,-87.5786891,Colocation,COLO,Co-Location,Illinois/Wisconsin,617429833,12/31/2027,12/31/2042,Illinois/Wisconsin
Active,17196297,LINCOLN HILLS_RELHR,Essex Shawn,CONCORDIA WIRELESS INC,,2027,,11/20/2026,11/20/2026,01/01/1900,08/23/2023,05/15/2024,05/17/2024,,06/03/2024,LINCOLN HILLS_RELHR,,10/09/2024,,05/30/2024,01/08/2025,01/08/2025,,12/03/2024,,,10/10/2026,,12/31/2025,,,,12/10/2025,,,,,09/09/1900,,12/04/2026,,368 JOLIET RD,174.0,0.75,41.4711501,-87.1371891,Colocation,COLO,Co-Location,Illinois/Wisconsin,617429785,12/31/2027,12/31/2042,Illinois/Wisconsin
Active,17196271,Randall_Countyline_RELHR,Essex Shawn,CONCORDIA WIRELESS INC,,2026,POR,05/05/2026,05/05/2026,01/01/1900,08/23/2023,05/17/2024,05/17/2024,,05/24/2024,Randall_Countyline_RELHR,,06/03/2024,,05/30/2024,01/01/1900,05/13/2025,,02/06/2026,,,03/19/2026,03/09/2026,03/31/2026,04/08/2026,,05/01/2026,02/18/2026,04/08/2026,05/29/2026,05/01/2026,05/05/2026,09/09/1900,05/05/2026,05/18/2026,05/18/2026,1413 COMMERCE DR,157.0,0.5,42.1566891,-88.3330331,Colocation,COLO,Co-Location,Illinois/Wisconsin,617429759,07/31/2031,07/31/2041,Illinois/Wisconsin
Active,17196240,8267 FLINT SOUTH RELHR,Parker Kenneth,"CTI TOWERS ASSETS II LLC, TELECAD WIRELESS SITE DESIGN INC",Completed,2026,POR,02/27/2026,02/27/2026,02/06/2026,08/09/2023,10/07/2024,10/07/2024,10/14/2024,10/14/2024,8267 FLINT SOUTH RELHR,10/21/2024,08/13/2025,01/16/2026,,,,,07/14/2025,,12/22/2025,,12/16/2025,01/05/2026,01/16/2026,,01/01/1900,02/10/2026,02/10/2026,11/07/2025,10/24/2025,02/20/2026,02/20/2026,02/20/2026,03/06/2026,03/11/2026,3115 JOYCE ST,150.0,0.5,42.9800221,-83.6494221,Build to Colocate,COLO,Co-Location,Michigan/Indiana/KY,617429766,12/31/2027,04/19/2053,Michigan/Indiana/KY
Active,17196179,8231 SILVER LAKE RELHR,Parker Kenneth,TELECAD WIRELESS SITE DESIGN INC,Completed,2027,,11/15/2026,11/15/2026,12/31/2026,08/09/2023,02/11/2025,02/12/2025,02/19/2025,02/24/2025,8231 SILVER LAKE RELHR,,01/09/2026,02/25/2026,,,,,,,,,04/16/2026,09/22/2026,,10/30/2026,,,,10/30/2026,,,,,01/14/2027,,9300 W BUCHANAN RD,250.0,1.0,43.6325221,-86.5111671,Build to Colocate,COLO,Build to Colocate,Michigan/Indiana/KY,617429737,12/31/2027,05/18/2106,Michigan/Indiana/KY
Active,17196146,8254 LESLIE RELHR,Ravitz Joel,"CHAILLE TOWER CONSULTANTS LLC, HARMONI TOWERS LLC",Completed,2027,,10/23/2026,10/23/2026,01/15/2027,08/09/2023,08/21/2024,08/23/2024,08/30/2024,08/23/2024,8254 LESLIE RELHR,09/06/2024,03/21/2025,01/23/2026,,02/11/2025,02/11/2025,02/21/2025,01/23/2026,07/14/2025,07/14/2025,04/13/2026,04/13/2026,01/14/2026,01/23/2026,09/08/2026,,,02/20/2026,,,,,,11/06/2026,,2350 BASELINE RD,250.0,1.0,42.4242171,-84.4356721,Build to Colocate,COLO,Build to Colocate,Michigan/Indiana/KY,617429717,12/31/2027,01/18/2099,Michigan/Indiana/KY
Active,17196109,8327 Park Lake RELHR,Ravitz Joel,KIMLEY HORN & ASSOCIATES INC,Completed,2027,,05/21/2027,05/21/2027,05/21/2027,08/09/2023,09/30/2025,09/30/2025,10/07/2025,10/15/2025,8327 PARK LAKE RELHR,10/14/2025,05/08/2026,05/22/2026,,,,,,,,,,,,,,,,,,,,,,,14725 NICHOLS RD,250.0,0.5,42.8022441,-84.4263671,Raw Land,RL,Raw Land,Michigan/Indiana/KY,617429726,12/31/2027,10/15/2053,Michigan/Indiana/KY
Active,17196085,GN Park 100 RELHR,Parker Kenneth,"SMARTLINK LLC, VERIZON",Completed,2027,,06/30/2027,06/30/2027,06/30/2027,08/09/2023,01/07/2026,01/23/2026,01/30/2026,01/28/2026,GN Park 100_RELHR,,07/09/2026,07/09/2026,,,,,,,,,,,,,,,,,,,,,,,5705 W 73RD ST,110.0,0.5,39.8840501,-86.2618671,Colocation,COLO,Co-Location,Michigan/Indiana/KY,617429682,12/31/2027,12/31/2042,Michigan/Indiana/KY
Active,17196070,8281 BISHOP AIRPORT RELHR,Parker Kenneth,PYRAMID NETWORK SERVICES LLC,Completed,2027,,01/30/2027,01/30/2027,01/30/2027,08/09/2023,12/23/2025,12/29/2025,01/05/2026,12/29/2025,8281 BISHOP AIRPORT RELHR,01/12/2026,05/08/2026,05/08/2026,,,,,,,,,,,,,,,,,,,,,,,2474 S BALLENGER HWY,120.0,0.5,42.9891891,-83.7344221,Colocation,COLO,Co-Location,Michigan/Indiana/KY,617429678,12/31/2027,02/27/2058,Michigan/Indiana/KY
Active,17196018,8226 WARREN RELHR,Ravitz Joel,"C&W CONSULTANTS INC, HARMONI TOWERS LLC",Completed,2027,,06/11/2027,06/11/2027,06/11/2027,08/09/2023,01/05/2026,01/05/2026,01/12/2026,01/12/2026,8226 WARREN RELHR,01/19/2026,01/26/2026,05/18/2026,,08/28/2026,,09/28/2026,,12/11/2026,,11/17/2026,,,,01/26/2027,,,,,,,,,,,6750 19 MILE RD,125.0,0.4,42.6079421,-83.0426611,Build to Colocate,COLO,Build to Colocate,Michigan/Indiana/KY,617429669,12/31/2027,01/18/2099,Michigan/Indiana/KY
Active,17195995,8262 HAMBURG RELHR,Ravitz Joel,KIMLEY HORN & ASSOCIATES INC,Completed,2027,,04/02/2027,04/02/2027,04/02/2027,08/09/2023,08/19/2025,08/19/2025,08/26/2025,09/04/2025,8262 HAMBURG RELHR,09/02/2025,09/05/2025,05/18/2026,,,,,,,,,,,,,,,,,,,,,,,11060 HI TECH DR,191.0,0.5,42.4489111,-83.7666441,Raw Land,RL,Raw Land,Michigan/Indiana/KY,617429689,12/31/2027,07/19/2029,Michigan/Indiana/KY
Active,17195964,8287 22ND & 110TH RELHR,Ravitz Joel,HARMONI TOWERS LLC,Completed,2027,,01/25/2027,01/25/2027,01/25/2027,08/09/2023,04/14/2025,04/18/2025,04/25/2025,05/09/2025,8287 22ND & 110TH RELHR,05/02/2025,07/14/2025,05/15/2026,,02/18/2025,06/01/2026,07/26/2026,,08/14/2026,,03/05/2026,03/05/2026,,,10/12/2026,,,,,,,,,,,1033 24TH ST,187.0,1.0,42.4917891,-85.7775971,Build to Colocate,COLO,Build to Colocate,Michigan/Indiana/KY,617429683,12/31/2027,12/31/2042,Michigan/Indiana/KY
Active,17195176,8230 SOUTH BOARDMAN NO RELHR,Ravitz Joel,CHAILLE TOWER CONSULTANTS LLC,Completed,2027,,02/22/2027,02/22/2027,02/22/2027,08/09/2023,01/23/2026,01/26/2026,02/02/2026,01/27/2026,8230 SOUTH BOARDMAN N RELHR,02/09/2026,01/27/2026,03/18/2026,,,,,04/06/2026,,,,06/05/2026,07/22/2026,,,06/10/2026,07/31/2026,07/27/2026,,,,,,,,4451 RABBIT RIDGE RD SE,250.0,1.0,44.6817171,-85.2206441,Raw Land,RL,Raw Land,Michigan/Indiana/KY,617429408,12/31/2027,12/31/2042,Michigan/Indiana/KY
Active,17195166,8275 CLARE RELHR,Parker Kenneth,TELECAD WIRELESS SITE DESIGN INC,Completed,2027,,11/15/2026,11/15/2026,12/31/2026,08/09/2023,05/29/2025,05/29/2025,06/05/2025,06/03/2025,8275 CLARE RELHR,06/12/2025,06/19/2025,05/21/2026,,,,,,,,08/31/2026,,08/31/2026,,,,,,10/30/2026,,,,,01/14/2027,,9337 S CLARE AVE,190.0,1.0,43.8547501,-84.7689281,Build to Colocate,COLO,Build to Colocate,Michigan/Indiana/KY,617429403,12/31/2027,12/31/2042,Michigan/Indiana/KY
Active,17195124,8268 FARWELL NORTH RELHR,Parker Kenneth,"HARMONI TOWERS LLC, PYRAMID NETWORK SERVICES LLC",Completed,2027,,11/13/2026,11/13/2026,11/13/2026,08/09/2023,08/06/2024,08/09/2024,08/16/2024,08/19/2024,8268 FARWELL NORTH RELHR,08/23/2024,03/25/2025,05/21/2025,,12/12/2024,05/28/2026,05/23/2025,05/23/2025,08/12/2025,08/12/2025,05/29/2025,05/29/2025,05/30/2025,06/09/2025,06/09/2026,06/16/2026,,03/03/2026,,,,,,01/04/2027,,7828 FINLEY LAKE AVE,250.0,1.0,43.8727691,-84.8936561,Build to Colocate,COLO,Build to Colocate,Michigan/Indiana/KY,617429366,12/31/2027,12/31/2047,Michigan/Indiana/KY
Active,17195120,8259 HOUGHTON LAKE RELHR,Parker Kenneth,SMARTLINK LLC,Completed,2027,,05/28/2027,05/28/2027,05/28/2027,08/09/2023,10/08/2025,10/14/2025,10/21/2025,11/13/2025,8259 HOUGHTON LAKE RELHR,10/28/2025,11/13/2025,05/21/2026,,,,,,,,,,,,,,,,,,,,,,,350 S NELLSVILLE RD,150.0,1.0,44.3302331,-84.8143831,Build to Colocate,COLO,Build to Colocate,Michigan/Indiana/KY,617429356,12/31/2027,12/31/2042,Michigan/Indiana/KY
Active,17195092,8418 SUTTONS BAY RELHR,Parker Kenneth,"HARMONI TOWERS LLC, PYRAMID NETWORK SERVICES LLC",Completed,2027,,12/01/2026,12/01/2026,12/01/2026,06/01/2024,08/06/2024,08/09/2024,08/16/2024,08/21/2024,8418 SUTTONS BAY RELHR,08/23/2024,01/06/2026,05/22/2026,,12/12/2025,05/26/2026,07/26/2026,,05/14/2026,05/14/2026,04/20/2026,04/20/2026,,,08/28/2026,,,,,,,,,12/14/2026,,2900 S WEST BAY SHORE DR,180.0,1.0,44.9365221,-85.6363661,Build to Colocate,COLO,Build to Colocate,Michigan/Indiana/KY,617429350,12/31/2027,12/31/2032,Michigan/Indiana/KY
Active,17195091,8276 CHESANING II RELHR,Ravitz Joel,"CHAILLE TOWER CONSULTANTS LLC, HARMONI TOWERS LLC",Completed,2027,,02/26/2027,02/26/2027,02/26/2027,08/09/2023,12/10/2024,12/11/2024,12/18/2024,01/14/2025,8276 CHESANING II RELHR,12/25/2024,03/25/2025,05/13/2026,,04/14/2026,04/14/2026,07/26/2026,,10/16/2026,,08/01/2026,,,,09/21/2026,,,,,,,,,,,17431 BISHOP RD,220.0,1.0,43.1701331,-84.0306171,Build to Colocate,COLO,Build to Colocate,Michigan/Indiana/KY,617429349,01/31/2027,06/29/2046,Michigan/Indiana/KY
Active,17195088,8234 SAGINAW NORTH RELHR,Ravitz Joel,"KIMLEY HORN & ASSOCIATES INC, VERTICAL BRIDGE TOWERS LLC",Completed,2026,POR,08/21/2026,08/21/2026,08/28/2026,08/09/2023,10/18/2024,10/18/2024,10/25/2024,12/12/2024,8234 SAGINAW NORTH RELHR,11/01/2024,04/20/2026,02/25/2026,,,10/28/2024,,03/12/2026,,04/12/2026,,03/31/2026,08/21/2025,09/12/2025,,05/08/2026,,03/27/2026,,05/08/2026,,,,09/04/2026,,2000 SCHUST RD,120.0,0.5,43.4722441,-83.9569221,Colocation,COLO,Co-Location,Michigan/Indiana/KY,617429348,12/31/2027,06/22/2047,Michigan/Indiana/KY
Active,17194605,SW PLAINFIELD_RELHR,Essex Shawn,CONCORDIA WIRELESS INC,,2026,POR,07/02/2026,05/29/2026,01/01/1900,08/23/2023,05/15/2024,05/17/2024,,05/24/2024,SW PLAINFIELD_RELHR,,09/24/2024,,05/30/2024,01/01/1900,05/13/2025,,11/20/2024,,04/24/2026,02/14/2026,12/26/2025,06/29/2026,07/02/2026,,05/06/2026,01/17/2026,05/29/2026,05/08/2026,05/06/2026,05/29/2026,09/09/1900,07/02/2026,06/22/2026,06/15/2026,16706 S DRAUDEN RD,100.0,0.5,41.5794171,-88.2299641,Colocation,COLO,Co-Location,Illinois/Wisconsin,617429183,06/30/2030,06/30/2040,Illinois/Wisconsin
Active,17194602,N Braidwood_RELHR,Essex Shawn,"INSITE RE INC, TOWER NORTH DEVELOPMENT LLC",,2027,,03/30/2027,03/30/2027,,08/23/2023,09/23/2024,10/06/2024,,10/08/2024,N Braidwood_RELHR,,04/28/2026,,,04/19/2025,04/19/2025,05/15/2025,,,,02/15/2027,,,,03/19/2027,,02/16/2027,,03/19/2027,,,,,,,24425 STRIPMINE RD,158.0,0.5,41.3039671,-88.2009361,BTS,BTS,Build to Suit 3.0,Illinois/Wisconsin,617429164,08/31/2030,08/31/2040,Illinois/Wisconsin
Active,17194591,EAGLE LAKE CO RD D_RELHR,Essex Shawn,"INSITE RE INC, TOWER NORTH DEVELOPMENT LLC",,2027,,03/30/2027,03/30/2027,,08/23/2023,09/29/2024,10/06/2024,,11/18/2024,EAGLE LAKE CO RD D_RELHR,,11/18/2024,,,04/19/2025,04/19/2025,,05/29/2025,,,02/15/2027,,11/07/2025,,03/19/2027,,10/16/2025,,03/19/2027,,,,,,,26507 KETTERHAGEN RD,199.0,1.0,42.6915771,-88.1597151,BTS,BTS,Build to Suit 3.0,Illinois/Wisconsin,617429157,12/31/2027,12/31/2042,Illinois/Wisconsin
Active,17194573,CONGERVILLE_RELHR,Essex Shawn,CROWN COMMUNICATION INC,,2027,,12/31/2026,12/31/2026,01/01/1900,08/23/2023,06/05/2024,06/07/2024,,06/14/2024,CONGERVILLE_RELHR,,02/23/2026,,01/01/1900,01/01/1900,01/01/1900,01/01/1900,10/02/2025,,,09/20/2025,06/27/2025,03/17/2026,,,,02/24/2026,,,12/04/2025,,09/09/1900,,,,50 COUNTY ROAD 2000 E,180.0,1.0,40.5963831,-89.1545811,Colocation,COLO,Co-Location,Illinois/Wisconsin,617429150,12/31/2027,12/31/2042,Illinois/Wisconsin
Active,17194549,TRADITIONAL RELO,Essex Shawn,"DOLAN REALTY ADVISORS LLC, TERRA CONSULTING GROUP",Completed,2026,POR,02/27/2026,02/26/2026,08/21/2026,11/02/2022,08/07/2023,08/07/2023,,08/07/2023,NW WOODSTOCK_RELHR,,07/29/2024,,,06/05/2024,06/11/2024,,10/07/2024,,,12/20/2025,09/09/2025,12/17/2025,12/19/2025,01/01/1900,01/01/1900,11/27/2025,01/06/2026,11/28/2025,11/28/2025,02/26/2026,,02/26/2026,09/15/2026,,"15015 US HIGHWAY 14, WOODSTOCK, IL, 60098-9436, USA",140.0,1.0,42.337383,-88.491922,BTS,BTS,Build to Suit 3.0,Illinois/Wisconsin,617316400,12/31/2027,12/31/2042,Illinois/Wisconsin
Completed,17147840,MONTFORTWI_RELHR,Essex Shawn,"HARMONI TOWERS LLC, RAMAKER & ASSOCIATES INC",,2026,POR,06/30/2026,08/27/2025,01/01/1900,08/23/2023,11/09/2023,11/10/2023,,01/18/2024,MONTFORTWI_RELHR,,06/02/2026,,04/29/2025,07/12/2024,07/12/2024,07/11/2024,04/09/2025,,,06/19/2025,07/28/2025,05/05/2025,05/09/2025,11/21/2024,11/21/2024,01/01/1900,06/10/2025,,01/01/1900,08/27/2025,01/01/1900,06/02/2026,05/13/2026,05/14/2026,295 1/2 N CENTER ST,255.0,1.0,42.9602871,-90.4293151,BTS,BTS,Build to Suit 3.0,Illinois/Wisconsin,617421636,07/31/2029,07/31/2029,Illinois/Wisconsin
Active,17147838,MuscodaWI_RELHR,Essex Shawn,"CTI TOWERS ASSETS II LLC, INSITE RE INC",,2026,POR,08/31/2026,08/31/2026,01/01/1900,08/23/2023,01/03/2024,01/03/2024,,01/14/2024,MuscodaWI_RELHR,,06/02/2026,,,04/30/2024,04/23/2024,06/28/2024,09/06/2024,,,04/25/2026,05/27/2026,06/08/2025,06/06/2025,01/01/1900,01/01/1900,04/30/2026,04/30/2026,02/20/2026,02/11/2026,,09/09/1900,,08/14/2026,,224 N IOWA ST,220.0,1.0,43.1605921,-90.4296251,Colocation,COLO,Co-Location,Illinois/Wisconsin,617421634,10/31/2024,10/31/2024,Illinois/Wisconsin
Active,17074974,HARDING RD SPECTRA_RELHR,Essex Shawn,COLLIERS ENGINEERING AND DESIGN INC,,2027,,06/30/2027,06/30/2027,09/30/2027,03/03/2023,04/14/2026,06/25/2026,,06/26/2026,HARDING RD SPECTRA_RELHR,,07/02/2026,,,,,,,,,05/20/2027,,,,,,05/19/2027,,,,,,,,,W792 HARDING RD,182.0,1.0,43.253375,-88.437317,Raw Land,,,Illinois/Wisconsin,617392380,12/31/2027,12/31/2042,Illinois/Wisconsin
Active,17074967,CH RANDHURST_RELHR,Essex Shawn,INSITE RE INC,Completed,2027,,03/26/2027,03/26/2027,01/01/1900,03/03/2023,11/08/2024,12/09/2024,,12/13/2024,CH RANDHURST_RELHR,,04/29/2026,,,03/21/2025,04/13/2025,,,,,02/13/2027,,01/06/2027,,03/17/2027,,02/11/2027,,03/17/2027,,,,,,,101 E RAND RD,122.0,0.35,42.079744,-87.934978,Water Tank,COLO,Co-Location,Illinois/Wisconsin,617392358,12/31/2027,12/31/2042,Illinois/Wisconsin
Active,17074965,WCHESTER_HD_RELHR,Essex Shawn,INSITE RE INC,,2027,,03/30/2027,03/30/2027,01/01/1900,08/26/2023,10/02/2024,10/06/2024,,10/11/2024,WCHESTER_HD_RELHR,,04/29/2026,,,11/15/2024,11/08/2024,,07/24/2026,,,02/15/2027,09/09/1900,04/17/2026,,03/19/2027,,02/16/2027,,03/19/2027,,,,,,,3 WESTBROOK CORPORATE CENTER,136.0,0.35,41.846411,-87.904144,Water Tank,COLO,Co-Location,Illinois/Wisconsin,617392333,11/30/2029,11/30/2044,Illinois/Wisconsin
Active,17074918,VOLO_RELHR,Essex Shawn,INSITE RE INC,Completed,2027,,12/15/2026,12/15/2026,01/01/1900,03/03/2023,11/05/2024,11/08/2024,,11/18/2024,VOLO_RELHR,,05/06/2026,,,06/16/2025,06/16/2025,,09/30/2025,,,11/02/2026,,02/12/2026,02/12/2026,12/08/2026,,01/22/2026,,,,,,,12/29/2026,,27764 VOLO VILLAGE RD,199.0,0.5,42.326431,-88.174708,Colocation,COLO,Co-Location,Illinois/Wisconsin,617392336,12/31/2027,12/31/2042,Illinois/Wisconsin
Active,17074898,TRADITIONAL RELO,Essex Shawn,TERRA CONSULTING GROUP,,2027,,10/30/2026,10/30/2026,,08/23/2023,03/18/2025,03/21/2025,,04/09/2025,CH RAY ELEM_RELHR,,05/04/2025,,,05/09/2025,05/09/2025,,,,,09/19/2026,,01/23/2026,,,,01/01/2026,,,,,,,,,5839 S MARYLAND AVE,200.0,0.25,41.790275,-87.606475,Rooftop,COLO,Rooftop,Illinois/Wisconsin,617392290,10/31/2031,10/31/2031,Illinois/Wisconsin
Active,17074889,TRADITIONAL RELO,Essex Shawn,CROWN COMMUNICATION INC,Completed,2027,,12/31/2026,12/31/2026,01/01/1900,08/23/2023,12/09/2024,12/09/2024,,12/13/2024,CH SCHILLER PARK_RELHR,,06/19/2026,,01/01/1900,01/01/1900,01/01/1900,01/01/1900,08/06/2025,,,11/19/2026,,04/30/2026,,,,04/09/2026,,,,,,,,,9542 IRVING PARK RD,100.0,0.35,41.956017,-87.866908,Colocation,COLO,Co-Location,Illinois/Wisconsin,617392287,12/31/2027,12/31/2042,Illinois/Wisconsin
Active,17074840,NEW MUNSTER USC_RELHR,Essex Shawn,CONCORDIA WIRELESS INC,,2027,,02/26/2027,02/26/2027,,03/03/2023,05/15/2024,05/17/2024,,05/28/2024,NEW MUNSTER USC_RELHR,,06/12/2026,,01/01/1900,07/17/2024,07/17/2024,,10/02/2024,,,09/20/2025,10/29/2024,,,,,,,,,,,,,,33911 GENEVA RD,180.0,1.0,42.579467,-88.221922,Colocation,COLO,Co-Location,Illinois/Wisconsin,617392269,03/31/2027,03/31/2032,Illinois/Wisconsin
Active,17073277,8168 MONROE II RELHR,Ravitz Joel,"HARMONI TOWERS LLC, KIMLEY HORN & ASSOCIATES INC",Completed,2027,,06/03/2027,06/03/2027,06/03/2027,04/18/2023,08/15/2025,08/18/2025,08/25/2025,08/22/2025,8168 MONROE II RELHR,09/01/2025,08/22/2025,05/12/2026,,10/03/2025,05/26/2026,07/31/2026,,01/15/2027,,09/18/2026,,,,02/05/2027,,,,,,,,,,,2280 MENTEL RD,150.0,0.5,41.936967,-83.3422,Build to Colocate,COLO,Build to Colocate,Michigan/Indiana/KY,617390913,12/31/2027,12/31/2027,Michigan/Indiana/KY
Active,17073256,8177  WELLSTON RELHR,Ravitz Joel,"APC TOWERS LLC, KIMLEY HORN & ASSOCIATES INC",Completed,2027,,12/31/2026,12/31/2026,05/31/2027,04/18/2023,10/31/2023,11/15/2023,09/27/2023,11/20/2023,8177 WELLSTON RELHR,10/04/2023,03/21/2025,04/27/2026,,06/26/2026,04/14/2025,,05/21/2026,,,,07/09/2026,07/10/2026,07/13/2026,,05/25/2026,,,,,,,,01/14/2027,,450 SEAMAN RD,250.0,1.0,44.232856,-85.961728,Build to Colocate,COLO,Build to Colocate,Michigan/Indiana/KY,617390916,12/31/2027,06/30/2059,Michigan/Indiana/KY
Active,17073245,8180 STERLING RELHR,Parker Kenneth,SMARTLINK LLC,Completed,2027,,01/29/2027,01/29/2027,01/29/2027,04/18/2023,06/26/2023,06/28/2023,07/05/2023,07/05/2023,8180 STERLING RELHR,07/12/2023,04/20/2026,,,,,,,,,,,,,,,,,,,,,,10/14/2026,,81 BEAR CREEK RD,215.0,1.0,44.086967,-84.087317,Colocation,COLO,Co-Location,Michigan/Indiana/KY,617390891,12/31/2027,12/31/2037,Michigan/Indiana/KY
Active,17073212,CK Lincoln Home RELHR,Parker Kenneth,"APC TOWERS LLC, TELECAD WIRELESS SITE DESIGN INC",Completed,2027,,09/30/2026,09/30/2026,09/30/2026,04/18/2023,08/16/2023,09/06/2023,09/20/2023,09/07/2023,CK Lincoln Home_RELHR,,04/21/2025,05/06/2026,,09/03/2025,09/03/2025,,04/08/2026,,,09/30/2026,,09/04/2026,,12/31/2026,,,,10/02/2026,,,,,10/14/2026,,560 WHITE CITY RD,260.0,1.0,37.5978,-85.667478,Raw Land,RL,Raw Land,Michigan/Indiana/KY,617390866,12/31/2027,01/31/2038,Michigan/Indiana/KY
Active,17073205,8192 DORR RELHR,Parker Kenneth,TELECAD WIRELESS SITE DESIGN INC,Completed,2027,,01/31/2027,01/31/2027,04/15/2027,04/18/2023,05/29/2025,05/29/2025,06/05/2025,06/23/2025,8192 DORR RELHR,06/12/2025,06/25/2025,06/26/2025,,,,,,,,,,11/20/2026,,10/30/2026,,,,01/15/2027,,,,,05/14/2027,,1326 142ND AVE,180.0,0.75,42.72219167,-85.67625,Build to Colocate,COLO,Build to Colocate,Michigan/Indiana/KY,617390863,12/31/2027,12/31/2042,Michigan/Indiana/KY
Active,17072926,8196 YPSILANTI RELHR,Ravitz Joel,CHAILLE TOWER CONSULTANTS LLC,Completed,2027,,05/14/2027,05/14/2027,05/14/2027,04/18/2023,10/16/2023,11/03/2023,11/10/2023,11/06/2023,8196 YPSILANTI RELHR,11/17/2023,06/05/2025,03/10/2026,,,,,,,,,,,,,,,,,,,,,05/28/2027,,1130 W CLARK RD,179.0,0.5,42.267244,-83.6297,Colocation,COLO,Co-Location,Michigan/Indiana/KY,617390763,12/31/2027,01/18/2099,Michigan/Indiana/KY
Active,17072918,8198 M24 & M90 RELHR Negotiation,Ravitz Joel,"C&W CONSULTANTS INC, HARMONI TOWERS LLC",Completed,2027,,06/03/2027,06/03/2027,06/03/2027,04/18/2023,04/18/2025,04/18/2025,11/05/2024,05/01/2025,8198 M24 & M90 RELHR,11/12/2024,05/02/2025,06/20/2025,,09/08/2026,,09/28/2026,,12/07/2026,,11/19/2026,,,,01/26/2027,,,,,,,,,,,90 W CASTLE RD,295.0,1.0,43.237494,-83.317978,Build to Colocate,COLO,Build to Colocate,Michigan/Indiana/KY,617390760,10/31/2026,10/31/2026,Michigan/Indiana/KY
Active,17072912,8199 HUDSONVILLE RELHR,Parker Kenneth,PYRAMID NETWORK SERVICES LLC,Completed,2027,,01/29/2027,01/29/2027,11/16/2026,04/18/2023,08/30/2024,09/16/2024,09/23/2024,09/16/2024,8199 HUDSONVILLE RELHR,09/30/2024,02/19/2026,05/20/2026,,,,,,,,,,,,,,,,,,,,,,,5066 40TH AVE,249.0,0.75,42.861411,-85.879144,Build to Colocate,COLO,Build to Colocate,Michigan/Indiana/KY,617390758,12/31/2027,01/18/2099,Michigan/Indiana/KY
Active,17072885,BLOOMINGTON SOUTH_RELHR,Essex Shawn,CROWN COMMUNICATION INC,,2027,,12/31/2026,12/31/2026,01/01/1900,03/03/2023,11/20/2024,12/08/2024,,12/12/2024,BLOOMINGTON SOUTH_RELHR,,12/19/2024,,01/01/1900,01/01/1900,01/01/1900,01/01/1900,10/29/2025,,,11/19/2026,09/09/1900,04/30/2026,,,,04/09/2026,,,,,,,,,306 GREENWOOD AVE,200.0,0.5,40.448978,-89.014308,Colocation,COLO,Co-Location,Illinois/Wisconsin,617390717,03/31/2031,03/31/2041,Illinois/Wisconsin
Active,17072847,8211 SHELBY RELHR,Ravitz Joel,SMARTLINK LLC,Completed,2026,POR,04/30/2026,04/30/2026,05/22/2026,04/18/2023,05/30/2023,06/05/2023,06/12/2023,06/06/2023,8211 SHELBY RELHR,06/19/2023,10/24/2025,11/20/2025,08/05/2024,,,,03/14/2025,,07/29/2025,05/30/2025,03/27/2026,11/19/2025,11/20/2025,06/13/2025,09/10/2025,,12/02/2025,09/17/2025,09/17/2025,04/30/2026,04/30/2026,04/30/2026,07/20/2026,,1270 S 88TH AVE,250.0,1.0,43.621689,-86.336644,Raw Land,RL,Raw Land,Michigan/Indiana/KY,617390670,12/31/2027,05/18/2106,Michigan/Indiana/KY
Active,17072817,Bay Beach_RELHR,Essex Shawn,TERRA CONSULTING GROUP,,2027,,09/30/2026,09/30/2026,,03/03/2023,04/01/2024,04/05/2024,,04/15/2024,Bay Beach_RELHR,,06/16/2026,,,01/01/1900,01/01/1900,,03/28/2025,,,08/20/2026,,,,01/01/1900,01/01/1900,,,,,,,,10/12/2026,,1731 COFRIN DR,103.0,0.5,44.521283,-87.979822,Colocation,COLO,Co-Location,Illinois/Wisconsin,617390638,12/31/2029,12/31/2039,Illinois/Wisconsin
Active,17072812,DT BLOOMINGTON_RELHR,Essex Shawn,TERRA CONSULTING GROUP,,2027,,10/16/2026,10/16/2026,01/01/1900,12/01/2023,07/29/2024,08/16/2024,,09/16/2024,DT BLOOMINGTON_RELHR,,04/29/2026,,,01/01/1900,01/01/1900,,05/29/2025,,,09/05/2026,,11/05/2025,09/09/1900,,,10/15/2025,,,,,,,,,530 N CENTER ST,110.0,0.5,40.483347,-88.994992,Rooftop,COLO,Co-Location,Illinois/Wisconsin,617390655,02/28/2031,02/28/2026,Illinois/Wisconsin
Completed,17072797,KEWASKUM WT_RELHR,Essex Shawn,TILLMAN INFRASTRUCTURE LLC,,2026,POR,06/30/2026,02/03/2026,02/03/2026,03/03/2023,07/16/2025,07/16/2025,,07/16/2025,KEWASKUM WT_RELHR,,06/10/2026,,,,,,09/15/2025,,,11/19/2026,12/03/2025,09/30/2025,10/07/2025,09/12/2025,09/12/2025,11/24/2025,11/24/2025,04/15/2026,02/03/2026,02/03/2026,02/03/2026,06/10/2026,04/27/2026,04/27/2026,990 FOND DU LAC AVE,167.0,0.75,43.515153,-88.223,Colocation,COLO,Co-Location,Illinois/Wisconsin,617390609,11/30/2031,11/30/2031,Illinois/Wisconsin
Active,17072786,I-80 AND ROUTE 20_RELHR,Essex Shawn,"DOLAN REALTY ADVISORS LLC, INSITE RE INC",Completed,2027,,03/30/2027,03/30/2027,,02/08/2024,11/12/2024,11/15/2024,,11/25/2024,I-80 AND ROUTE 20_RELHR,,04/28/2026,,,,,,,,,02/15/2027,,,,03/17/2027,,02/16/2027,,03/17/2027,,,,,,,5954 N. 350 E,257.0,1.0,41.691328,-86.632644,Co-Development,BTS,Build to Colocate,Illinois/Wisconsin,617390604,12/31/2027,12/31/2042,Illinois/Wisconsin
Active,17072762,8219 HOLLAND EAST RELHR,Ravitz Joel,"APC TOWERS LLC, KIMLEY HORN & ASSOCIATES INC",Completed,2027,,05/28/2027,05/28/2027,05/31/2027,04/18/2023,10/06/2025,10/06/2025,10/13/2025,10/20/2025,8219 HOLLAND EAST RELHR,10/20/2025,11/20/2025,05/22/2026,,09/14/2026,,,,,,,,,,04/30/2027,,,,,,,,,03/17/2027,,4630 136TH AVE,250.0,0.5,42.853078,-86.113867,Build to Colocate,COLO,Build to Colocate,Michigan/Indiana/KY,617390623,12/31/2027,01/18/2099,Michigan/Indiana/KY
Active,17072733,8221 BANCROFT RELHR,Parker Kenneth,"JONATHAN R CRANE PC, TELECAD WIRELESS SITE DESIGN INC",Completed,2027,,03/31/2027,03/31/2027,03/31/2027,04/18/2023,10/23/2025,10/23/2025,10/30/2025,11/12/2025,8221 BANCROFT RELHR,11/26/2025,12/16/2025,12/18/2025,,03/03/2026,05/27/2026,,,,,08/21/2026,,,,,,,,,,,,,,,7071 STATE RD,250.0,1.0,42.893911,-84.120256,Raw Land,RL,Raw Land,Michigan/Indiana/KY,617390615,12/31/2027,05/25/2044,Michigan/Indiana/KY
Active,17072725,8052 SOUTH LYON RELHR,Ravitz Joel,"HARMONI TOWERS LLC, KIMLEY HORN & ASSOCIATES INC",Completed,2027,,06/03/2027,06/03/2027,06/03/2027,04/18/2023,08/20/2025,08/20/2025,08/27/2025,09/04/2025,8052 SOUTH LYON RELHR,09/03/2025,09/05/2025,05/13/2026,,10/03/2025,06/26/2026,07/31/2026,,03/12/2027,,09/18/2026,,,,02/05/2027,,,,,,,,,,,4711 CHESTNUT SPRINGS DR,175.0,0.75,42.484467,-83.678589,Build to Colocate,COLO,Build to Colocate,Michigan/Indiana/KY,617390598,12/31/2027,12/31/2027,Michigan/Indiana/KY
Active,17072723,ROSENDALE_RELHR,Essex Shawn,"INSITE RE INC, TOWER NORTH DEVELOPMENT LLC",,2027,,12/31/2026,12/31/2026,03/31/2025,03/03/2023,07/05/2023,07/18/2023,,07/31/2023,ROSENDALE_RELHR,,06/17/2026,,,09/22/2023,09/11/2023,05/24/2024,08/08/2024,,,05/17/2025,03/25/2025,02/11/2025,03/05/2025,01/07/2025,01/07/2025,04/02/2025,04/02/2025,02/28/2025,01/13/2025,,,,05/03/2027,,201 W DIVISION ST,150.0,1.0,43.807283,-88.676472,BTS,BTS,Build to Suit 3.0,Illinois/Wisconsin,617390591,12/31/2027,12/31/2042,Illinois/Wisconsin
Active,17072717,BENDERVILLETC_RELHR,Essex Shawn,TILLMAN INFRASTRUCTURE LLC,,2026,POR,06/30/2026,05/29/2026,09/04/2026,03/03/2023,10/23/2023,10/27/2023,,11/03/2023,BENDERVILLETC_RELHR,,06/12/2026,,,04/17/2024,04/17/2024,,09/05/2025,,,04/11/2026,05/08/2026,10/29/2025,11/05/2025,11/12/2025,11/12/2025,12/03/2025,12/03/2025,01/21/2026,01/21/2026,05/27/2026,,06/12/2026,09/14/2026,,4646 NICOLET DR,160.0,1.0,44.611242,-87.841347,BTS,BTS,Build to Suit 3.0,Illinois/Wisconsin,617390588,12/31/2027,12/31/2042,Illinois/Wisconsin
Completed,17043131,8118 LUZERNE RELHR,Parker Kenneth,TILLMAN INFRASTRUCTURE LLC,Completed,2026,POR,03/02/2026,02/20/2026,02/20/2026,03/02/2023,12/12/2022,12/12/2022,,12/14/2022,LUZERNE_RELHR,04/01/2024,03/18/2026,02/07/2025,02/10/2023,03/31/2023,03/31/2023,04/01/2024,04/22/2024,,10/20/2025,,09/10/2025,04/14/2024,04/22/2024,01/01/1900,01/01/1900,07/11/2024,07/11/2024,02/15/2024,02/15/2024,02/25/2026,02/20/2026,03/18/2026,03/11/2026,03/11/2026,3701 W PARK RD,197.0,0.75,44.615528,-84.279039,Build to Colocate,COLO,Build to Colocate,Michigan/Indiana/KY,617331952,12/31/2027,12/31/2037,Michigan/Indiana/KY
Active,17002284,CK Grider Hill A RELHR,Parker Kenneth,TILLMAN INFRASTRUCTURE LLC,Completed,2027,,01/09/2027,01/09/2027,04/24/2027,11/07/2022,09/22/2023,09/22/2023,05/24/2023,09/22/2023,CK Grider Hill_RELHR,06/07/2023,07/15/2025,07/23/2025,,05/20/2025,05/20/2025,,,,,,04/03/2026,08/14/2026,,08/28/2026,,,,,,,,,,,No Address,299.0,1.0,36.811689,-85.129422,Build to Colocate,COLO,Build to Colocate,Michigan/Indiana/KY,617361610,12/31/2027,12/31/2037,Michigan/Indiana/KY
Active,16982002,8145 Irons RELHR,Ravitz Joel,C&W CONSULTANTS INC,Completed,2027,,03/26/2027,03/26/2027,03/26/2027,09/01/2022,07/18/2025,07/22/2025,07/29/2025,08/07/2025,8145 Irons RELHR,08/05/2025,08/25/2025,03/24/2026,,,,,03/25/2026,,,,,03/22/2026,03/25/2026,01/01/1900,01/01/1900,07/31/2026,,,,,,,,,9080 N KADERABEK TRL,305.0,1.0,44.12106389,-85.82018056,Raw Land,RL,Raw Land,Michigan/Indiana/KY,617351567,12/31/2027,12/31/2042,Michigan/Indiana/KY
Active,16981981,8148 Lowell DT RELHR,Ravitz Joel,"CHAILLE TOWER CONSULTANTS LLC, HARMONI TOWERS LLC",Completed,2027,,06/03/2027,06/03/2027,06/03/2027,09/01/2022,12/18/2025,12/30/2025,01/06/2026,01/13/2026,8148 Lowell DT RELHR,01/13/2026,01/14/2026,04/23/2026,12/05/2022,08/25/2026,,09/14/2026,,10/23/2026,,10/02/2026,,,,02/17/2027,,,,,,,,,,,2051 BOWES RD,260.0,0.75,42.929994,-85.362089,Build to Colocate,COLO,Build to Colocate,Michigan/Indiana/KY,617351576,12/31/2027,12/31/2042,Michigan/Indiana/KY
Active,16981974,8150 East DeWitt RELHR,Ravitz Joel,KIMLEY HORN & ASSOCIATES INC,Completed,2027,,03/26/2027,03/26/2027,03/26/2027,09/01/2022,08/20/2025,08/20/2025,08/27/2025,09/09/2025,8150 East DeWitt RELHR,09/03/2025,05/04/2026,06/17/2026,,,,,,,,,09/09/1900,,,,,,,,,,,,,,9745 S US HIGHWAY 27,260.0,1.0,42.8738,-84.543589,Raw Land,RL,Raw Land,Michigan/Indiana/KY,617351550,12/31/2027,12/31/2042,Michigan/Indiana/KY
Active,16981972,8152 Richmond RELHR,Ravitz Joel,C&W CONSULTANTS INC,Completed,2027,,02/26/2027,02/26/2027,02/26/2027,09/01/2022,08/11/2025,08/11/2025,08/18/2025,08/13/2025,8152 Richmond RELHR,08/25/2025,08/13/2025,05/12/2026,,,,,,,,,,,,,,,,,,,,,03/12/2027,,36820 DIVISION RD,276.0,0.75,42.807578,-82.748339,Colocation,COLO,Co-Location,Michigan/Indiana/KY,617351549,12/31/2027,12/31/2042,Michigan/Indiana/KY
Active,16981533,PRIME_RELHR,Essex Shawn,INSITE RE INC,,2027,,01/29/2027,01/29/2027,01/01/1900,11/02/2022,01/18/2024,01/18/2024,,01/28/2024,PRIME_RELHR,,04/28/2026,,,04/26/2024,04/26/2024,05/24/2024,,,,12/19/2026,,,,10/09/2026,,12/17/2026,,01/01/1900,,,,,,,13 LINCOLN CTR,221.0,0.4,41.846936,-87.983725,Rooftop,COLO,Co-Location,Illinois/Wisconsin,617350906,02/01/2029,02/01/2029,Illinois/Wisconsin
Active,16981532,DT YORKVILLE_RELHR,Essex Shawn,INSITE RE INC,Completed,2026,POR,07/01/2026,03/31/2026,01/01/1900,11/02/2022,11/22/2023,11/25/2023,,12/04/2023,DT YORKVILLE_RELHR,,07/01/2026,03/26/2026,,01/19/2024,01/19/2024,05/24/2024,07/08/2025,,03/26/2026,02/12/2026,03/24/2026,02/16/2026,02/13/2026,11/21/2025,01/01/1900,01/22/2026,02/19/2026,08/12/2025,08/12/2025,03/31/2026,01/01/1900,07/01/2026,04/20/2026,04/08/2026,102 GARDEN ST,194.0,0.75,41.628217,-88.4497,Colocation,COLO,Co-Location,Illinois/Wisconsin,617350905,12/31/2027,12/31/2042,Illinois/Wisconsin
Active,16974463,WS Taylorsville RELHR,Parker Kenneth,PYRAMID NETWORK SERVICES LLC,Completed,2027,,06/21/2027,06/21/2027,06/21/2027,08/24/2022,12/05/2025,12/17/2025,12/24/2025,12/19/2025,WS Taylorsville_RELHR,12/31/2025,01/16/2026,05/06/2026,,03/26/2026,03/26/2026,,,,,,,,,,,,,,,,,,,,3271 W 650 N,223.0,0.5,39.293822,-85.960772,Raw Land,RL,Raw Land,Michigan/Indiana/KY,617343957,12/31/2027,12/31/2042,Michigan/Indiana/KY
Active,16965482,South Johnsburg_RELHR,Essex Shawn,TERRA CONSULTING GROUP,Completed,2027,,11/20/2026,11/20/2026,01/01/1900,11/02/2022,04/27/2023,05/01/2023,,05/12/2023,South Johnsburg_RELHR,,04/29/2026,,,08/24/2023,08/24/2023,,12/21/2023,,,10/10/2026,,08/21/2025,09/09/1900,,,07/31/2025,,,,,09/09/1900,,,,3415 RIVERSIDE DR,149.0,0.5,42.375939,-88.259478,Water Tank,COLO,Co-Location,Illinois/Wisconsin,617332484,12/31/2027,12/31/2042,Illinois/Wisconsin
Active,16965002,GN Sheridan RELHR,Parker Kenneth,TILLMAN INFRASTRUCTURE LLC,Completed,2027,,12/17/2026,12/17/2026,12/17/2026,08/24/2022,06/27/2023,04/30/2024,05/07/2024,05/14/2024,GN Sheridan RELHR,05/14/2024,11/20/2025,05/06/2026,,12/16/2024,12/16/2024,,03/18/2026,,,,04/02/2026,,,07/22/2026,07/22/2026,,,,,,,,,,24401 HAMILTON BOONE COUNTY LINE RD,200.0,0.5,40.141708,-86.240975,Build to Colocate,COLO,Build to Colocate,Michigan/Indiana/KY,617331942,12/31/2027,12/31/2042,Michigan/Indiana/KY
Active,16957994,8077 KAWKAWLIN RELHR,Ravitz Joel,CHAILLE TOWER CONSULTANTS LLC,Completed,2027,,01/01/2027,01/01/2027,01/01/2027,08/24/2022,02/10/2023,02/10/2023,01/24/2023,02/10/2023,8077 KAWKAWLIN RELHR,02/07/2023,07/15/2026,06/20/2025,,,,,,,,,,,,,,,,,,,,,01/15/2027,,No Address,225.0,1.0,43.682522,-83.975533,Colocation,COLO,Co-Location,Michigan/Indiana/KY,617321869,12/31/2027,05/30/2106,Michigan/Indiana/KY
Active,16957969,8082 - PETOSKEYII-L_RELHR,Parker Kenneth,TELECAD WIRELESS SITE DESIGN INC,Completed,2027,,05/31/2027,05/31/2027,05/31/2027,08/24/2022,10/21/2025,10/22/2025,10/29/2025,11/17/2025,8082 PETOSKEY II RELHR,11/24/2025,05/11/2026,,,,,,,,,,,,,,,,,,,,,,,,No Address,500.0,1.0,45.327167,-84.875944,Colocation,COLO,Co-Location,Michigan/Indiana/KY,617321877,12/31/2027,12/31/2032,Michigan/Indiana/KY
Completed,16957391,8085 REED CITY BALDWIN RELHR,Parker Kenneth,TILLMAN INFRASTRUCTURE LLC,Completed,2026,POR,02/23/2026,02/23/2026,02/20/2026,08/24/2022,12/20/2022,01/04/2023,01/11/2023,01/17/2023,REED CITY BALDWIN_RELHR,01/25/2023,06/05/2025,04/17/2025,02/17/2023,03/31/2023,03/31/2023,,04/17/2025,04/18/2025,05/22/2025,,04/07/2025,04/18/2025,04/17/2025,09/22/2023,09/22/2023,05/07/2025,05/07/2025,04/07/2025,04/07/2025,02/25/2026,02/20/2026,02/25/2026,03/09/2026,03/20/2026,2155 E US 10,250.0,0.75,43.900883,-85.759283,Build to Colocate,COLO,Build to Colocate,Michigan/Indiana/KY,617321067,12/31/2027,12/31/2037,Michigan/Indiana/KY
Active,16956600,GN2 Rockhill Park RELHR,Parker Kenneth,TILLMAN INFRASTRUCTURE LLC,Completed,2026,POR,06/30/2026,06/30/2026,05/22/2026,08/24/2022,11/20/2022,11/21/2022,,12/12/2022,GN2 Rockhill Park RELHR,,04/08/2024,11/04/2024,02/10/2023,03/31/2023,03/31/2023,04/01/2024,04/12/2025,05/30/2025,06/20/2025,,05/08/2025,06/28/2026,06/29/2026,02/12/2025,02/12/2025,05/06/2025,05/06/2025,01/09/2026,01/13/2026,06/30/2026,05/22/2026,06/30/2026,08/27/2026,,1628 CATALPA ST,150,0.5,41.0709,-85.1772,Build to Colocate,COLO,Build to Colocate,Michigan/Indiana/KY,617319907,12/31/2027,12/31/2042,Michigan/Indiana/KY
Completed,16956321,8102 FENWICK RELHR,Parker Kenneth,TILLMAN INFRASTRUCTURE LLC,Completed,2026,POR,03/27/2026,03/27/2026,03/05/2026,08/24/2022,03/21/2023,03/23/2023,,04/04/2023,FENWICK_RELHR,04/13/2023,05/08/2025,08/06/2025,,02/09/2024,01/31/2024,,08/14/2025,,08/14/2025,,07/09/2025,10/12/2025,10/13/2025,01/13/2025,01/13/2025,01/05/2026,01/05/2026,07/03/2025,07/03/2025,03/05/2026,03/05/2026,03/05/2026,03/13/2026,03/13/2026,"8086 S BROWN RD, FENWICK, MI, 48834-9531, USA",300.0,1.0,43.17705,-85.094339,Build to Colocate,COLO,Build to Colocate,Michigan/Indiana/KY,617319331,12/31/2027,12/31/2042,Michigan/Indiana/KY
Active,16956271,8113 - US127SOUTH_RELHR,Ravitz Joel,"HARMONI TOWERS LLC, KIMLEY HORN & ASSOCIATES INC",Completed,2027,,06/10/2027,06/10/2027,06/10/2027,08/24/2022,12/03/2025,12/04/2025,12/11/2025,12/09/2025,8113 US127 SOUTH RELHR,12/18/2025,05/11/2026,05/20/2026,,10/03/2025,05/26/2026,08/14/2026,,11/06/2026,,10/05/2026,,,,03/05/2027,,,,,,,,,,,"2806 ROLFE RD, MASON, MI, 48854-9787, USA",199.0,1.0,42.534481,-84.444339,Build to Colocate,COLO,Build to Colocate,Michigan/Indiana/KY,617319283,12/31/2027,12/31/2042,Michigan/Indiana/KY
Active,16953778,BLOOMINGTON_RELHR,Essex Shawn,"DOLAN REALTY ADVISORS LLC, INSITE RE INC",,2026,POR,04/30/2026,04/30/2026,07/31/2026,11/02/2022,01/18/2024,01/18/2024,,01/28/2024,BLOOMINGTON_RELHR,,12/01/2025,,,10/25/2024,12/01/2024,,04/09/2025,,04/29/2026,03/19/2026,04/20/2026,01/14/2026,01/12/2026,03/31/2026,01/01/1900,02/10/2026,02/10/2026,03/13/2026,03/10/2026,04/30/2026,,04/30/2026,09/21/2026,,"1907 E HAMILTON RD, BLOOMINGTON, IL, 61704-9460, USA",365.0,0.5,40.452564,-88.963117,BTS,BTS,Build to Suit 3.0,Illinois/Wisconsin,617316468,12/31/2027,12/31/2042,Illinois/Wisconsin
Active,16953682,8115 - HOLLAND SE_RELHR,Ravitz Joel,"APC TOWERS LLC, KIMLEY HORN & ASSOCIATES INC",Completed,2027,,08/30/2027,05/28/2027,05/31/2027,08/24/2022,11/13/2025,11/13/2025,11/20/2025,11/17/2025,8115 HOLLAND SE RELHR,11/27/2025,03/13/2026,05/15/2026,,08/28/2026,,,,,,,,,,04/19/2027,,,,,,,,,03/17/2027,,"10255 OTTOGAN ST, HOLLAND, MI, 49423-9040, USA",150.0,0.75,42.770278,-86.03375,Build to Colocate,COLO,Build to Colocate,Michigan/Indiana/KY,617316360,12/31/2027,12/31/2042,Michigan/Indiana/KY
Active,16902330,WS Versailles RELHR,Parker Kenneth,"APC TOWERS LLC, PYRAMID NETWORK SERVICES LLC",Completed,2027,,05/28/2027,05/28/2027,05/28/2027,08/24/2022,08/14/2025,09/02/2025,09/09/2025,09/02/2025,WS Versailles RELHR,09/16/2025,09/03/2025,09/05/2025,,03/26/2026,03/26/2026,,,,,,,,,02/26/2027,,,,,,,,,,,No Address,280.0,1.0,39.030219,-85.279261,Raw Land,RL,Raw Land,Michigan/Indiana/KY,617251360,12/31/2027,12/31/2042,Michigan/Indiana/KY
Active,16902202,ChicagoSpeedwayIL_RELHR,Essex Shawn,CROWN COMMUNICATION INC,Completed,2027,,12/31/2027,12/31/2027,01/01/1900,07/08/2022,04/15/2025,05/02/2025,,05/09/2025,ChicagoSpeedwayIL_RELHR,,05/19/2025,,,01/01/1900,01/01/1900,,,,,11/20/2027,,,,,,11/18/2027,,,,,,,,,No Address,102.0,0.5,41.468944,-88.061711,Colocation,COLO,Co-Location,Illinois/Wisconsin,617251142,12/31/2027,12/31/2042,Illinois/Wisconsin
Active,16900772,8069 Sparta DT RELHR,Ravitz Joel,"CHAILLE TOWER CONSULTANTS LLC, HARMONI TOWERS LLC",Completed,2027,,06/10/2027,06/10/2027,06/10/2027,05/19/2022,09/17/2025,09/26/2025,10/03/2025,09/29/2025,8069 Sparta DT RELHR,10/10/2025,10/16/2025,11/10/2025,,09/04/2026,,10/02/2026,,12/18/2026,,11/24/2026,,,,12/18/2026,,,,,,,,,,,"10132 MARTINDALE ST, SPARTA, MI, 49345-1456, USA",159,0.5,43.148022,-85.69845,Build to Colocate,COLO,Build to Colocate,Michigan/Indiana/KY,617249312,12/31/2027,12/31/2047,Michigan/Indiana/KY
Active,16900725,8059 Azalia RELHR,Parker Kenneth,TILLMAN INFRASTRUCTURE LLC,Completed,2027,,09/30/2026,09/30/2026,12/25/2026,04/26/2022,09/09/2024,09/09/2024,09/09/2024,09/09/2024,8059 Azalia RELHR,,04/20/2026,04/23/2025,12/29/2022,11/18/2022,12/29/2022,,,,08/11/2025,,07/21/2025,09/25/2026,,08/31/2026,,,,07/10/2026,,,,,10/14/2026,,"11784 CROWE RD, MILAN, MI, 48160-9283, USA",195.0,1.0,42.044786,-83.672386,Build to Colocate,COLO,Build to Colocate,Michigan/Indiana/KY,617249249,12/31/2027,12/31/2037,Michigan/Indiana/KY
Active,16805787,,Essex Shawn,TILLMAN INFRASTRUCTURE LLC,,2026,POR,06/30/2026,10/31/2025,10/14/2025,12/20/2021,12/05/2022,12/06/2022,,12/15/2022,Van Etten_RELHR,09/22/2025,06/16/2026,,01/01/1900,01/01/1900,01/01/1900,01/01/1900,01/17/2023,,,07/05/2025,07/23/2025,10/01/2025,10/06/2025,09/10/2025,09/15/2025,07/30/2025,07/30/2025,,01/01/1900,10/31/2025,10/14/2025,06/16/2026,03/12/2026,03/12/2026,No Address,183.0,1.0,43.4149,-89.468294,Colocation,COLO,Co-Location,Illinois/Wisconsin,617174901,04/09/2030,04/09/2030,Illinois/Wisconsin
